stiff 1538 1538 8367
0 0 2.9197499734195047e-05
0 1 -2.9197499734195047e-05
1 1 2.9197499734195047e-05
0 0 3.1422085248308553e-05
0 2 -3.1422085248308553e-05
2 2 3.1422085248308553e-05
1 1 4.8055388065706075e-05
1 2 -4.8055388065706075e-05
2 2 4.8055388065706075e-05
3 3 2.919440266857775e-05
3 4 -2.919440266857775e-05
4 4 2.919440266857775e-05
3 3 3.0526044881759786e-05
3 5 -3.0526044881759786e-05
5 5 3.0526044881759786e-05
4 4 5.3216228099030766e-05
4 5 -5.3216228099030766e-05
5 5 5.3216228099030766e-05
6 6 2.9925586049805956e-05
6 7 -2.9925586049805956e-05
7 7 2.9925586049805956e-05
6 6 2.4486868933102777e-05
6 8 -2.4486868933102777e-05
8 8 2.4486868933102777e-05
7 7 4.8791027702435189e-05
7 8 -4.8791027702435189e-05
8 8 4.8791027702435189e-05
6 6 4.5805597274190297e-05
6 9 -4.5805597274190297e-05
9 9 4.5805597274190297e-05
7 7 7.721908998296366e-05
7 9 -7.721908998296366e-05
9 9 7.721908998296366e-05
8 8 4.7383888064417749e-05
8 9 -4.7383888064417749e-05
9 9 4.7383888064417749e-05
6 6 1.765415077151369e-05
6 10 -1.765415077151369e-05
10 10 1.765415077151369e-05
8 8 4.7381678407139926e-05
8 10 -4.7381678407139926e-05
10 10 4.7381678407139926e-05
9 9 2.4661518733525433e-05
9 10 -2.4661518733525433e-05
10 10 2.4661518733525433e-05
6 6 2.5079480791328e-05
6 11 -2.5079480791328e-05
11 11 2.5079480791328e-05
8 8 2.1999724801477484e-05
8 11 -2.1999724801477484e-05
11 11 2.1999724801477484e-05
9 9 2.2637319182675502e-05
9 11 -2.2637319182675502e-05
11 11 2.2637319182675502e-05
10 10 2.2326258301206595e-05
10 11 -2.2326258301206595e-05
11 11 2.2326258301206595e-05
12 12 4.0091630730695096e-05
12 13 -4.0091630730695096e-05
13 13 4.0091630730695096e-05
12 12 4.1294771843345688e-05
12 14 -4.1294771843345688e-05
14 14 4.1294771843345688e-05
15 15 4.1421891479217658e-05
15 16 -4.1421891479217658e-05
16 16 4.1421891479217658e-05
15 15 7.1663153814888379e-05
15 17 -7.1663153814888379e-05
17 17 7.1663153814888379e-05
16 16 4.8116294119689302e-05
16 17 -4.8116294119689302e-05
17 17 4.8116294119689302e-05
15 15 3.6960425002173447e-05
15 18 -3.6960425002173447e-05
18 18 3.6960425002173447e-05
16 16 5.0601743669384698e-05
16 18 -5.0601743669384698e-05
18 18 5.0601743669384698e-05
17 17 7.1676832464723317e-05
17 18 -7.1676832464723317e-05
18 18 7.1676832464723317e-05
17 17 4.0700614572148631e-05
17 19 -4.0700614572148631e-05
19 19 4.0700614572148631e-05
18 18 6.518252594012343e-05
18 19 -6.518252594012343e-05
19 19 6.518252594012343e-05
20 20 0.00010819467351232992
20 21 -0.00010819467351232992
21 21 0.00010819467351232992
20 20 0.00016099618390351433
20 22 -0.00016099618390351433
22 22 0.00016099618390351433
21 21 7.6875272048187388e-05
21 22 -7.6875272048187388e-05
22 22 7.6875272048187388e-05
20 20 7.278887253507938e-05
20 23 -7.278887253507938e-05
23 23 7.278887253507938e-05
21 21 0.00011731811787954662
21 23 -0.00011731811787954662
23 23 0.00011731811787954662
20 20 0.00020898840770560163
20 24 -0.00020898840770560163
24 24 0.00020898840770560163
21 21 7.7261771896717176e-05
21 24 -7.7261771896717176e-05
24 24 7.7261771896717176e-05
22 22 0.00010757594216422846
22 24 -0.00010757594216422846
24 24 0.00010757594216422846
23 23 6.711353712169664e-05
23 24 -6.711353712169664e-05
24 24 6.711353712169664e-05
25 25 3.4336604420109907e-05
25 26 -3.4336604420109907e-05
26 26 3.4336604420109907e-05
27 27 0.00010737061415427816
27 28 -0.00010737061415427816
28 28 0.00010737061415427816
27 27 3.0929072490837485e-05
27 29 -3.0929072490837485e-05
29 29 3.0929072490837485e-05
28 28 2.5498284317578136e-05
28 29 -2.5498284317578136e-05
29 29 2.5498284317578136e-05
27 27 3.7038540136642736e-05
27 30 -3.7038540136642736e-05
30 30 3.7038540136642736e-05
28 28 3.2427736544350406e-05
28 30 -3.2427736544350406e-05
30 30 3.2427736544350406e-05
29 29 6.809202360061045e-05
29 30 -6.809202360061045e-05
30 30 6.809202360061045e-05
27 27 6.1083342776430691e-05
27 31 -6.1083342776430691e-05
31 31 6.1083342776430691e-05
28 28 4.7133613845660287e-05
28 31 -4.7133613845660287e-05
31 31 4.7133613845660287e-05
29 29 2.3357764663597985e-05
29 31 -2.3357764663597985e-05
31 31 2.3357764663597985e-05
30 30 2.40334865676096e-05
30 31 -2.40334865676096e-05
31 31 2.40334865676096e-05
32 32 7.0172811185886818e-05
32 33 -7.0172811185886818e-05
33 33 7.0172811185886818e-05
32 32 3.9904156074432705e-05
32 34 -3.9904156074432705e-05
34 34 3.9904156074432705e-05
33 33 3.0818490333126765e-05
33 34 -3.0818490333126765e-05
34 34 3.0818490333126765e-05
32 32 0.00016110429980125342
32 35 -0.00016110429980125342
35 35 0.00016110429980125342
33 33 0.00011545382596717014
33 35 -0.00011545382596717014
35 35 0.00011545382596717014
36 36 3.5559158046514437e-05
36 37 -3.5559158046514437e-05
37 37 3.5559158046514437e-05
38 38 0.00021559331762764872
38 39 -0.00021559331762764872
39 39 0.00021559331762764872
38 38 6.9920996500627195e-05
38 40 -6.9920996500627195e-05
40 40 6.9920996500627195e-05
39 39 6.440431166297077e-05
39 40 -6.440431166297077e-05
40 40 6.440431166297077e-05
38 38 6.7338785224681214e-05
38 41 -6.7338785224681214e-05
41 41 6.7338785224681214e-05
39 39 7.6659702297119479e-05
39 41 -7.6659702297119479e-05
41 41 7.6659702297119479e-05
38 38 6.1206903599586861e-05
38 42 -6.1206903599586861e-05
42 42 6.1206903599586861e-05
39 39 5.2678146076134776e-05
39 42 -5.2678146076134776e-05
42 42 5.2678146076134776e-05
40 40 3.4197691930192218e-05
40 42 -3.4197691930192218e-05
42 42 3.4197691930192218e-05
41 41 6.4121490957890531e-05
41 42 -6.4121490957890531e-05
42 42 6.4121490957890531e-05
43 43 3.8787422274254632e-05
43 44 -3.8787422274254632e-05
44 44 3.8787422274254632e-05
43 43 2.707748594819489e-05
43 45 -2.707748594819489e-05
45 45 2.707748594819489e-05
44 44 2.4555599943713725e-05
44 46 -2.4555599943713725e-05
46 46 2.4555599943713725e-05
45 45 0.0002723324940961452
45 46 -0.0002723324940961452
46 46 0.0002723324940961452
43 43 4.8104899774582836e-05
43 47 -4.8104899774582836e-05
47 47 4.8104899774582836e-05
44 44 8.1859299229340948e-05
44 47 -8.1859299229340948e-05
47 47 8.1859299229340948e-05
46 46 2.0945866505376613e-05
46 47 -2.0945866505376613e-05
47 47 2.0945866505376613e-05
43 43 3.161922546632793e-05
43 48 -3.161922546632793e-05
48 48 3.161922546632793e-05
44 44 2.180363968053332e-05
44 48 -2.180363968053332e-05
48 48 2.180363968053332e-05
45 45 6.6165680235364226e-05
45 48 -6.6165680235364226e-05
48 48 6.6165680235364226e-05
47 47 2.0685992883736209e-05
47 48 -2.0685992883736209e-05
48 48 2.0685992883736209e-05
49 49 7.1656889006149261e-05
49 50 -7.1656889006149261e-05
50 50 7.1656889006149261e-05
50 50 5.6685374664192957e-05
50 51 -5.6685374664192957e-05
51 51 5.6685374664192957e-05
49 49 0.00037514982688761542
49 52 -0.00037514982688761542
52 52 0.00037514982688761542
50 50 7.4577138843232322e-05
50 52 -7.4577138843232322e-05
52 52 7.4577138843232322e-05
51 51 4.2239952751060148e-05
51 52 -4.2239952751060148e-05
52 52 4.2239952751060148e-05
53 53 4.1250853465879735e-05
53 54 -4.1250853465879735e-05
54 54 4.1250853465879735e-05
53 53 3.8016328160057101e-05
53 55 -3.8016328160057101e-05
55 55 3.8016328160057101e-05
56 56 2.4113904528699416e-05
56 57 -2.4113904528699416e-05
57 57 2.4113904528699416e-05
56 56 2.4619981253070801e-05
56 58 -2.4619981253070801e-05
58 58 2.4619981253070801e-05
57 57 2.9743279364246739e-05
57 58 -2.9743279364246739e-05
58 58 2.9743279364246739e-05
59 59 4.1963252234055282e-05
59 60 -4.1963252234055282e-05
60 60 4.1963252234055282e-05
61 61 3.4362478680335781e-05
61 62 -3.4362478680335781e-05
62 62 3.4362478680335781e-05
61 61 7.5257247803598945e-05
61 63 -7.5257247803598945e-05
63 63 7.5257247803598945e-05
62 62 3.4107741146320087e-05
62 63 -3.4107741146320087e-05
63 63 3.4107741146320087e-05
64 64 7.9306058401561123e-05
64 65 -7.9306058401561123e-05
65 65 7.9306058401561123e-05
65 65 5.7432350135955712e-05
65 66 -5.7432350135955712e-05
66 66 5.7432350135955712e-05
64 64 0.00035833612099646578
64 67 -0.00035833612099646578
67 67 0.00035833612099646578
65 65 6.0996897920149547e-05
65 68 -6.0996897920149547e-05
68 68 6.0996897920149547e-05
66 66 3.5966735112627448e-05
66 68 -3.5966735112627448e-05
68 68 3.5966735112627448e-05
67 67 6.0349268361767251e-05
67 68 -6.0349268361767251e-05
68 68 6.0349268361767251e-05
66 66 0.00013306775710654234
66 69 -0.00013306775710654234
69 69 0.00013306775710654234
70 70 5.3893209384757756e-05
70 71 -5.3893209384757756e-05
71 71 5.3893209384757756e-05
70 70 5.5643852435283164e-05
70 72 -5.5643852435283164e-05
72 72 5.5643852435283164e-05
71 71 3.6746255122063703e-05
71 72 -3.6746255122063703e-05
72 72 3.6746255122063703e-05
70 70 3.4518415001566834e-05
70 73 -3.4518415001566834e-05
73 73 3.4518415001566834e-05
71 71 5.223485319930966e-05
71 73 -5.223485319930966e-05
73 73 5.223485319930966e-05
72 72 2.2810574494967759e-05
72 73 -2.2810574494967759e-05
73 73 2.2810574494967759e-05
74 74 9.3155185938367972e-05
74 75 -9.3155185938367972e-05
75 75 9.3155185938367972e-05
74 74 4.9442801294084415e-05
74 76 -4.9442801294084415e-05
76 76 4.9442801294084415e-05
75 75 4.059347349397265e-05
75 76 -4.059347349397265e-05
76 76 4.059347349397265e-05
74 74 7.5897459328228619e-05
74 77 -7.5897459328228619e-05
77 77 7.5897459328228619e-05
76 76 5.1641134361217975e-05
76 77 -5.1641134361217975e-05
77 77 5.1641134361217975e-05
75 75 3.3568006881667058e-05
75 78 -3.3568006881667058e-05
78 78 3.3568006881667058e-05
76 76 0.00013089192337253168
76 78 -0.00013089192337253168
78 78 0.00013089192337253168
75 75 0.000216540526249832
75 79 -0.000216540526249832
79 79 0.000216540526249832
74 74 4.2972988732009895e-05
74 80 -4.2972988732009895e-05
80 80 4.2972988732009895e-05
75 75 3.2856112368215846e-05
75 80 -3.2856112368215846e-05
80 80 3.2856112368215846e-05
76 76 0.000114739806939913
76 80 -0.000114739806939913
80 80 0.000114739806939913
77 77 5.9306464510003566e-05
77 80 -5.9306464510003566e-05
80 80 5.9306464510003566e-05
78 78 7.4897790840934106e-05
78 80 -7.4897790840934106e-05
80 80 7.4897790840934106e-05
81 81 6.9745287280116122e-05
81 82 -6.9745287280116122e-05
82 82 6.9745287280116122e-05
81 81 6.3066155739807873e-05
81 83 -6.3066155739807873e-05
83 83 6.3066155739807873e-05
81 81 5.3836429988825271e-05
81 84 -5.3836429988825271e-05
84 84 5.3836429988825271e-05
82 82 3.7482411317731805e-05
82 84 -3.7482411317731805e-05
84 84 3.7482411317731805e-05
83 83 5.5003859215451766e-05
83 84 -5.5003859215451766e-05
84 84 5.5003859215451766e-05
81 81 3.9553212695732804e-05
81 85 -3.9553212695732804e-05
85 85 3.9553212695732804e-05
82 82 4.1084156764571466e-05
82 85 -4.1084156764571466e-05
85 85 4.1084156764571466e-05
83 83 3.0925243463690248e-05
83 85 -3.0925243463690248e-05
85 85 3.0925243463690248e-05
84 84 6.403000128559779e-05
84 85 -6.403000128559779e-05
85 85 6.403000128559779e-05
81 81 4.7054762617827416e-05
81 86 -4.7054762617827416e-05
86 86 4.7054762617827416e-05
82 82 7.4200107255245214e-05
82 86 -7.4200107255245214e-05
86 86 7.4200107255245214e-05
83 83 2.7845019373251706e-05
83 86 -2.7845019373251706e-05
86 86 2.7845019373251706e-05
84 84 2.6228577454503506e-05
84 86 -2.6228577454503506e-05
86 86 2.6228577454503506e-05
87 87 5.5966638200175879e-05
87 88 -5.5966638200175879e-05
88 88 5.5966638200175879e-05
89 89 7.9231156919786722e-05
89 90 -7.9231156919786722e-05
90 90 7.9231156919786722e-05
89 89 4.4341845262768539e-05
89 91 -4.4341845262768539e-05
91 91 4.4341845262768539e-05
90 90 7.9812908100318603e-05
90 91 -7.9812908100318603e-05
91 91 7.9812908100318603e-05
89 89 4.5986203620668134e-05
89 92 -4.5986203620668134e-05
92 92 4.5986203620668134e-05
90 90 7.8246572729956813e-05
90 92 -7.8246572729956813e-05
92 92 7.8246572729956813e-05
91 91 4.6900910771700199e-05
91 92 -4.6900910771700199e-05
92 92 4.6900910771700199e-05
89 89 0.00014576140449679964
89 93 -0.00014576140449679964
93 93 0.00014576140449679964
90 90 5.3822036673714969e-05
90 93 -5.3822036673714969e-05
93 93 5.3822036673714969e-05
92 92 3.9793165445308112e-05
92 93 -3.9793165445308112e-05
93 93 3.9793165445308112e-05
94 94 4.3233596546681672e-05
94 95 -4.3233596546681672e-05
95 95 4.3233596546681672e-05
94 94 3.1859427418765827e-05
94 96 -3.1859427418765827e-05
96 96 3.1859427418765827e-05
95 95 5.2596139663872755e-05
95 96 -5.2596139663872755e-05
96 96 5.2596139663872755e-05
94 94 8.8084938584738067e-05
94 97 -8.8084938584738067e-05
97 97 8.8084938584738067e-05
96 96 2.5022191746821846e-05
96 97 -2.5022191746821846e-05
97 97 2.5022191746821846e-05
98 98 4.8938043272913517e-05
98 99 -4.8938043272913517e-05
99 99 4.8938043272913517e-05
98 98 3.6690270022544874e-05
98 100 -3.6690270022544874e-05
100 100 3.6690270022544874e-05
99 99 3.7992838752016935e-05
99 100 -3.7992838752016935e-05
100 100 3.7992838752016935e-05
101 101 4.6346044161026757e-05
101 102 -4.6346044161026757e-05
102 102 4.6346044161026757e-05
101 101 4.7181953141700495e-05
101 103 -4.7181953141700495e-05
103 103 4.7181953141700495e-05
102 102 3.3337823029234767e-05
102 103 -3.3337823029234767e-05
103 103 3.3337823029234767e-05
101 101 3.4364529034894504e-05
101 104 -3.4364529034894504e-05
104 104 3.4364529034894504e-05
102 102 6.679261796533554e-05
102 104 -6.679261796533554e-05
104 104 6.679261796533554e-05
103 103 3.8838167908748412e-05
103 104 -3.8838167908748412e-05
104 104 3.8838167908748412e-05
105 105 3.9091240449662211e-05
105 106 -3.9091240449662211e-05
106 106 3.9091240449662211e-05
107 107 5.1841356214977586e-05
107 108 -5.1841356214977586e-05
108 108 5.1841356214977586e-05
107 107 8.7214740649713525e-05
107 109 -8.7214740649713525e-05
109 109 8.7214740649713525e-05
108 108 3.6852472512050563e-05
108 109 -3.6852472512050563e-05
109 109 3.6852472512050563e-05
107 107 6.9323731715897129e-05
107 110 -6.9323731715897129e-05
110 110 6.9323731715897129e-05
109 109 5.9031323227690975e-05
109 110 -5.9031323227690975e-05
110 110 5.9031323227690975e-05
112 112 4.1115852126048836e-05
112 113 -4.1115852126048836e-05
113 113 4.1115852126048836e-05
112 112 3.9701732420515748e-05
112 114 -3.9701732420515748e-05
114 114 3.9701732420515748e-05
113 113 2.5205602073344725e-05
113 114 -2.5205602073344725e-05
114 114 2.5205602073344725e-05
112 112 7.8282722951788109e-05
112 115 -7.8282722951788109e-05
115 115 7.8282722951788109e-05
113 113 5.2462539732748505e-05
113 115 -5.2462539732748505e-05
115 115 5.2462539732748505e-05
116 116 0.00010216533297072946
116 117 -0.00010216533297072946
117 117 0.00010216533297072946
118 118 0.0016209216392195787
118 119 -0.0016209216392195787
119 119 0.0016209216392195787
119 119 5.3743825652383475e-05
119 120 -5.3743825652383475e-05
120 120 5.3743825652383475e-05
118 118 4.100248542324948e-05
118 121 -4.100248542324948e-05
121 121 4.100248542324948e-05
118 118 5.2544977078408142e-05
118 122 -5.2544977078408142e-05
122 122 5.2544977078408142e-05
120 120 3.1868616694165542e-05
120 122 -3.1868616694165542e-05
122 122 3.1868616694165542e-05
121 121 4.0250889161208355e-05
121 122 -4.0250889161208355e-05
122 122 4.0250889161208355e-05
119 119 3.8631011456262178e-05
119 123 -3.8631011456262178e-05
123 123 3.8631011456262178e-05
120 120 2.8019287500757756e-05
120 123 -2.8019287500757756e-05
123 123 2.8019287500757756e-05
121 121 3.163516563244214e-05
121 123 -3.163516563244214e-05
123 123 3.163516563244214e-05
122 122 2.3056814557978994e-05
122 123 -2.3056814557978994e-05
123 123 2.3056814557978994e-05
124 124 0.00010824552999098982
124 125 -0.00010824552999098982
125 125 0.00010824552999098982
124 124 4.5348608050464417e-05
124 126 -4.5348608050464417e-05
126 126 4.5348608050464417e-05
125 125 6.0702164241191146e-05
125 126 -6.0702164241191146e-05
126 126 6.0702164241191146e-05
124 124 4.6861193701050504e-05
124 127 -4.6861193701050504e-05
127 127 4.6861193701050504e-05
124 124 0.00013095660951689862
124 128 -0.00013095660951689862
128 128 0.00013095660951689862
125 125 9.8515697113890703e-05
125 128 -9.8515697113890703e-05
128 128 9.8515697113890703e-05
124 124 4.8298317564797711e-05
124 129 -4.8298317564797711e-05
129 129 4.8298317564797711e-05
125 125 3.7809235209602321e-05
125 129 -3.7809235209602321e-05
129 129 3.7809235209602321e-05
126 126 3.7760788166134013e-05
126 129 -3.7760788166134013e-05
129 129 3.7760788166134013e-05
127 127 0.00021831978121501298
127 129 -0.00021831978121501298
129 129 0.00021831978121501298
126 126 5.1712930969017089e-05
126 130 -5.1712930969017089e-05
130 130 5.1712930969017089e-05
129 129 2.4239224045384007e-05
129 130 -2.4239224045384007e-05
130 130 2.4239224045384007e-05
125 125 4.1356705498594679e-05
125 131 -4.1356705498594679e-05
131 131 4.1356705498594679e-05
126 126 4.8237042388450374e-05
126 131 -4.8237042388450374e-05
131 131 4.8237042388450374e-05
128 128 3.0576769891387106e-05
128 131 -3.0576769891387106e-05
131 131 3.0576769891387106e-05
129 129 2.1821823099974162e-05
129 131 -2.1821823099974162e-05
131 131 2.1821823099974162e-05
130 130 3.8658693744732994e-05
130 131 -3.8658693744732994e-05
131 131 3.8658693744732994e-05
132 132 8.9144506627450575e-05
132 133 -8.9144506627450575e-05
133 133 8.9144506627450575e-05
132 132 3.7219997183303931e-05
132 134 -3.7219997183303931e-05
134 134 3.7219997183303931e-05
133 133 5.0336256143245923e-05
133 134 -5.0336256143245923e-05
134 134 5.0336256143245923e-05
132 132 5.9209169347370906e-05
132 135 -5.9209169347370906e-05
135 135 5.9209169347370906e-05
133 133 6.0413257295512294e-05
133 135 -6.0413257295512294e-05
135 135 6.0413257295512294e-05
136 136 4.8519268981625182e-05
136 137 -4.8519268981625182e-05
137 137 4.8519268981625182e-05
136 136 2.6125314676389046e-05
136 138 -2.6125314676389046e-05
138 138 2.6125314676389046e-05
137 137 2.6645971398359506e-05
137 138 -2.6645971398359506e-05
138 138 2.6645971398359506e-05
136 136 2.5781646999902784e-05
136 139 -2.5781646999902784e-05
139 139 2.5781646999902784e-05
137 137 4.8285868969819775e-05
137 139 -4.8285868969819775e-05
139 139 4.8285868969819775e-05
138 138 2.9590112010987213e-05
138 139 -2.9590112010987213e-05
139 139 2.9590112010987213e-05
136 136 5.0909560107892667e-05
136 140 -5.0909560107892667e-05
140 140 5.0909560107892667e-05
137 137 5.1362687934571369e-05
137 140 -5.1362687934571369e-05
140 140 5.1362687934571369e-05
138 138 1.883770762474316e-05
138 140 -1.883770762474316e-05
140 140 1.883770762474316e-05
136 136 2.319450006099329e-05
136 141 -2.319450006099329e-05
141 141 2.319450006099329e-05
137 137 2.1032989362110498e-05
137 141 -2.1032989362110498e-05
141 141 2.1032989362110498e-05
138 138 7.7153144879342855e-05
138 141 -7.7153144879342855e-05
141 141 7.7153144879342855e-05
140 140 1.6516284696991333e-05
140 141 -1.6516284696991333e-05
141 141 1.6516284696991333e-05
142 142 2.9951377721962657e-05
142 143 -2.9951377721962657e-05
143 143 2.9951377721962657e-05
142 142 5.5326175982019822e-05
142 144 -5.5326175982019822e-05
144 144 5.5326175982019822e-05
143 143 3.4999595577666539e-05
143 144 -3.4999595577666539e-05
144 144 3.4999595577666539e-05
145 145 0.000109315356779662
145 146 -0.000109315356779662
146 146 0.000109315356779662
145 145 3.6466415473614157e-05
145 147 -3.6466415473614157e-05
147 147 3.6466415473614157e-05
146 146 4.154662933932793e-05
146 147 -4.154662933932793e-05
147 147 4.154662933932793e-05
148 148 5.4792864848032619e-05
148 149 -5.4792864848032619e-05
149 149 5.4792864848032619e-05
148 148 8.2055746456395257e-05
148 150 -8.2055746456395257e-05
150 150 8.2055746456395257e-05
149 149 9.4363915218262956e-05
149 150 -9.4363915218262956e-05
150 150 9.4363915218262956e-05
148 148 0.00010484894648299788
148 151 -0.00010484894648299788
151 151 0.00010484894648299788
149 149 5.3478856304393988e-05
149 151 -5.3478856304393988e-05
151 151 5.3478856304393988e-05
150 150 5.5483734999825492e-05
150 151 -5.5483734999825492e-05
151 151 5.5483734999825492e-05
148 148 6.3134698919711883e-05
148 152 -6.3134698919711883e-05
152 152 6.3134698919711883e-05
149 149 6.0523523675932116e-05
149 152 -6.0523523675932116e-05
152 152 6.0523523675932116e-05
150 150 0.00014812781668349656
150 152 -0.00014812781668349656
152 152 0.00014812781668349656
151 151 4.2411832976044373e-05
151 152 -4.2411832976044373e-05
152 152 4.2411832976044373e-05
148 148 5.628854594933917e-05
148 153 -5.628854594933917e-05
153 153 5.628854594933917e-05
149 149 0.00010011337907341293
149 153 -0.00010011337907341293
153 153 0.00010011337907341293
150 150 5.889047382147316e-05
150 153 -5.889047382147316e-05
153 153 5.889047382147316e-05
151 151 7.6915956286056491e-05
151 153 -7.6915956286056491e-05
153 153 7.6915956286056491e-05
154 154 6.0903670811687708e-05
154 155 -6.0903670811687708e-05
155 155 6.0903670811687708e-05
154 154 8.7519068602508236e-05
154 156 -8.7519068602508236e-05
156 156 8.7519068602508236e-05
155 155 7.7506097090461037e-05
155 156 -7.7506097090461037e-05
156 156 7.7506097090461037e-05
154 154 4.6190338216129545e-05
154 157 -4.6190338216129545e-05
157 157 4.6190338216129545e-05
155 155 9.010782591478117e-05
155 157 -9.010782591478117e-05
157 157 9.010782591478117e-05
156 156 4.3572123217383774e-05
156 157 -4.3572123217383774e-05
157 157 4.3572123217383774e-05
154 154 7.8054811470317545e-05
154 158 -7.8054811470317545e-05
158 158 7.8054811470317545e-05
156 156 0.00012649372296223065
156 158 -0.00012649372296223065
158 158 0.00012649372296223065
159 159 0.00017457927444146151
159 160 -0.00017457927444146151
160 160 0.00017457927444146151
159 159 3.0747812197285646e-05
159 161 -3.0747812197285646e-05
161 161 3.0747812197285646e-05
161 161 4.958599172569141e-05
161 162 -4.958599172569141e-05
162 162 4.958599172569141e-05
159 159 4.5259338638771513e-05
159 163 -4.5259338638771513e-05
163 163 4.5259338638771513e-05
161 161 5.7091665182778968e-05
161 163 -5.7091665182778968e-05
163 163 5.7091665182778968e-05
162 162 3.1470656957440171e-05
162 163 -3.1470656957440171e-05
163 163 3.1470656957440171e-05
160 160 0.00031090003354017532
160 164 -0.00031090003354017532
164 164 0.00031090003354017532
162 162 3.2832650286025162e-05
162 164 -3.2832650286025162e-05
164 164 3.2832650286025162e-05
167 167 4.7697208151518599e-05
167 168 -4.7697208151518599e-05
168 168 4.7697208151518599e-05
167 167 3.5907576944074648e-05
167 169 -3.5907576944074648e-05
169 169 3.5907576944074648e-05
167 167 2.4012093705660988e-05
167 170 -2.4012093705660988e-05
170 170 2.4012093705660988e-05
168 168 1.7886833644623626e-05
168 170 -1.7886833644623626e-05
170 170 1.7886833644623626e-05
169 169 3.8717588596647606e-05
169 170 -3.8717588596647606e-05
170 170 3.8717588596647606e-05
171 171 5.7066663835374426e-05
171 172 -5.7066663835374426e-05
172 172 5.7066663835374426e-05
171 171 8.1804768512712674e-05
171 173 -8.1804768512712674e-05
173 173 8.1804768512712674e-05
172 172 5.5675636585090683e-05
172 173 -5.5675636585090683e-05
173 173 5.5675636585090683e-05
171 171 5.8953727026834808e-05
171 174 -5.8953727026834808e-05
174 174 5.8953727026834808e-05
172 172 5.1451946993646843e-05
172 174 -5.1451946993646843e-05
174 174 5.1451946993646843e-05
173 173 3.6355925951808853e-05
173 174 -3.6355925951808853e-05
174 174 3.6355925951808853e-05
171 171 3.7772527204900453e-05
171 175 -3.7772527204900453e-05
175 175 3.7772527204900453e-05
172 172 9.1556832428303387e-05
172 175 -9.1556832428303387e-05
175 175 9.1556832428303387e-05
174 174 4.7993701764131939e-05
174 175 -4.7993701764131939e-05
175 175 4.7993701764131939e-05
176 176 3.528005826475473e-05
176 177 -3.528005826475473e-05
177 177 3.528005826475473e-05
178 178 0.0014532485797548015
178 179 -0.0014532485797548015
179 179 0.0014532485797548015
178 178 2.4801608228367267e-05
178 180 -2.4801608228367267e-05
180 180 2.4801608228367267e-05
178 178 2.0519841013001859e-05
178 181 -2.0519841013001859e-05
181 181 2.0519841013001859e-05
180 180 6.5537558799544539e-05
180 181 -6.5537558799544539e-05
181 181 6.5537558799544539e-05
178 178 2.850747443770784e-05
178 182 -2.850747443770784e-05
182 182 2.850747443770784e-05
180 180 3.2989536341926443e-05
180 182 -3.2989536341926443e-05
182 182 3.2989536341926443e-05
179 179 0.00015439140290668602
179 183 -0.00015439140290668602
183 183 0.00015439140290668602
184 184 5.1588367955724695e-05
184 185 -5.1588367955724695e-05
185 185 5.1588367955724695e-05
186 186 6.8202254479874912e-05
186 187 -6.8202254479874912e-05
187 187 6.8202254479874912e-05
186 186 3.6412764701584542e-05
186 188 -3.6412764701584542e-05
188 188 3.6412764701584542e-05
187 187 3.8088575639768428e-05
187 188 -3.8088575639768428e-05
188 188 3.8088575639768428e-05
189 189 1.8325850201198867e-05
189 190 -1.8325850201198867e-05
190 190 1.8325850201198867e-05
189 189 2.5859415968833832e-05
189 191 -2.5859415968833832e-05
191 191 2.5859415968833832e-05
190 190 3.802081978939974e-05
190 191 -3.802081978939974e-05
191 191 3.802081978939974e-05
189 189 3.3573493379913339e-05
189 192 -3.3573493379913339e-05
192 192 3.3573493379913339e-05
191 191 6.8726198281041724e-05
191 192 -6.8726198281041724e-05
192 192 6.8726198281041724e-05
189 189 1.9231365107641477e-05
189 193 -1.9231365107641477e-05
193 193 1.9231365107641477e-05
190 190 6.5355840574335872e-05
190 193 -6.5355840574335872e-05
193 193 6.5355840574335872e-05
191 191 2.8385266080822025e-05
191 193 -2.8385266080822025e-05
193 193 2.8385266080822025e-05
192 192 2.1586649033032877e-05
192 193 -2.1586649033032877e-05
193 193 2.1586649033032877e-05
189 189 2.5524652325489552e-05
189 194 -2.5524652325489552e-05
194 194 2.5524652325489552e-05
190 190 2.7462478230393534e-05
190 194 -2.7462478230393534e-05
194 194 2.7462478230393534e-05
191 191 2.2916103144276518e-05
191 194 -2.2916103144276518e-05
194 194 2.2916103144276518e-05
192 192 2.0718318069092292e-05
192 194 -2.0718318069092292e-05
194 194 2.0718318069092292e-05
193 193 4.2166792296234651e-05
193 194 -4.2166792296234651e-05
194 194 4.2166792296234651e-05
189 189 6.7479496534240491e-05
189 195 -6.7479496534240491e-05
195 195 6.7479496534240491e-05
190 190 2.0434077082401715e-05
190 195 -2.0434077082401715e-05
195 195 2.0434077082401715e-05
191 191 2.4636544661038885e-05
191 195 -2.4636544661038885e-05
195 195 2.4636544661038885e-05
192 192 2.7189709550793677e-05
192 195 -2.7189709550793677e-05
195 195 2.7189709550793677e-05
193 193 2.3476250238207282e-05
193 195 -2.3476250238207282e-05
195 195 2.3476250238207282e-05
194 194 3.9133970346284829e-05
194 195 -3.9133970346284829e-05
195 195 3.9133970346284829e-05
196 196 0.00012550066421203676
196 197 -0.00012550066421203676
197 197 0.00012550066421203676
196 196 0.00010651786396909381
196 198 -0.00010651786396909381
198 198 0.00010651786396909381
197 197 0.0001181328324373291
197 198 -0.0001181328324373291
198 198 0.0001181328324373291
196 196 6.9084633578735813e-05
196 199 -6.9084633578735813e-05
199 199 6.9084633578735813e-05
198 198 0.00012672870851714634
198 199 -0.00012672870851714634
199 199 0.00012672870851714634
196 196 0.00020620232369885117
196 200 -0.00020620232369885117
200 200 0.00020620232369885117
198 198 8.4813271912441256e-05
198 200 -8.4813271912441256e-05
200 200 8.4813271912441256e-05
199 199 7.0246509839075287e-05
199 200 -7.0246509839075287e-05
200 200 7.0246509839075287e-05
201 201 7.5697036718807659e-05
201 202 -7.5697036718807659e-05
202 202 7.5697036718807659e-05
201 201 3.4253046126383541e-05
201 203 -3.4253046126383541e-05
203 203 3.4253046126383541e-05
202 202 5.5155526052655385e-05
202 203 -5.5155526052655385e-05
203 203 5.5155526052655385e-05
204 204 3.6369665918974887e-05
204 205 -3.6369665918974887e-05
205 205 3.6369665918974887e-05
204 204 3.9872213483407656e-05
204 206 -3.9872213483407656e-05
206 206 3.9872213483407656e-05
205 205 5.8945521023494096e-05
205 206 -5.8945521023494096e-05
206 206 5.8945521023494096e-05
207 207 5.2255668834633558e-05
207 209 -5.2255668834633558e-05
209 209 5.2255668834633558e-05
208 208 3.3256693607379134e-05
208 209 -3.3256693607379134e-05
209 209 3.3256693607379134e-05
207 207 6.1179752604395029e-05
207 210 -6.1179752604395029e-05
210 210 6.1179752604395029e-05
208 208 0.00014579669508348698
208 210 -0.00014579669508348698
210 210 0.00014579669508348698
209 209 3.7902793379097165e-05
209 210 -3.7902793379097165e-05
210 210 3.7902793379097165e-05
207 207 3.5104704511967212e-05
207 211 -3.5104704511967212e-05
211 211 3.5104704511967212e-05
208 208 4.1157592352708048e-05
208 211 -4.1157592352708048e-05
211 211 4.1157592352708048e-05
209 209 5.866464604505909e-05
209 211 -5.866464604505909e-05
211 211 5.866464604505909e-05
210 210 4.0293089223536832e-05
210 211 -4.0293089223536832e-05
211 211 4.0293089223536832e-05
212 212 3.4476554252744503e-05
212 213 -3.4476554252744503e-05
213 213 3.4476554252744503e-05
214 214 2.2829588991834628e-05
214 215 -2.2829588991834628e-05
215 215 2.2829588991834628e-05
214 214 3.7121530456652933e-05
214 216 -3.7121530456652933e-05
216 216 3.7121530456652933e-05
215 215 4.0687172668820484e-05
215 216 -4.0687172668820484e-05
216 216 4.0687172668820484e-05
215 215 3.2952116001302631e-05
215 217 -3.2952116001302631e-05
217 217 3.2952116001302631e-05
216 216 3.4571282879239061e-05
216 217 -3.4571282879239061e-05
217 217 3.4571282879239061e-05
214 214 0.00057071791950589318
214 218 -0.00057071791950589318
218 218 0.00057071791950589318
217 217 4.5041115982702031e-05
217 218 -4.5041115982702031e-05
218 218 4.5041115982702031e-05
219 219 4.1233215430202401e-05
219 220 -4.1233215430202401e-05
220 220 4.1233215430202401e-05
219 219 3.3389827649153065e-05
219 221 -3.3389827649153065e-05
221 221 3.3389827649153065e-05
220 220 6.1657864154497928e-05
220 221 -6.1657864154497928e-05
221 221 6.1657864154497928e-05
222 222 7.8289938418668614e-05
222 223 -7.8289938418668614e-05
223 223 7.8289938418668614e-05
222 222 3.7755913123314761e-05
222 224 -3.7755913123314761e-05
224 224 3.7755913123314761e-05
223 223 6.2550776520374195e-05
223 224 -6.2550776520374195e-05
224 224 6.2550776520374195e-05
222 222 0.00011798712871036384
222 225 -0.00011798712871036384
225 225 0.00011798712871036384
223 223 4.9041661309616646e-05
223 225 -4.9041661309616646e-05
225 225 4.9041661309616646e-05
226 226 5.8375266516593465e-05
226 227 -5.8375266516593465e-05
227 227 5.8375266516593465e-05
226 226 4.664028799973322e-05
226 228 -4.664028799973322e-05
228 228 4.664028799973322e-05
226 226 6.496889341770465e-05
226 229 -6.496889341770465e-05
229 229 6.496889341770465e-05
227 227 4.3754240604796972e-05
227 229 -4.3754240604796972e-05
229 229 4.3754240604796972e-05
228 228 4.5736986889953856e-05
228 229 -4.5736986889953856e-05
229 229 4.5736986889953856e-05
226 226 2.9945610632481566e-05
226 230 -2.9945610632481566e-05
230 230 2.9945610632481566e-05
227 227 3.003205091714223e-05
227 230 -3.003205091714223e-05
230 230 3.003205091714223e-05
228 228 2.0393410463181398e-05
228 230 -2.0393410463181398e-05
230 230 2.0393410463181398e-05
231 231 5.1759688886044614e-05
231 232 -5.1759688886044614e-05
232 232 5.1759688886044614e-05
231 231 4.4272178999035875e-05
231 233 -4.4272178999035875e-05
233 233 4.4272178999035875e-05
232 232 5.371311620431732e-05
232 233 -5.371311620431732e-05
233 233 5.371311620431732e-05
231 231 4.1999634221106245e-05
231 234 -4.1999634221106245e-05
234 234 4.1999634221106245e-05
232 232 5.7866161145475847e-05
232 234 -5.7866161145475847e-05
234 234 5.7866161145475847e-05
233 233 2.8587453958197041e-05
233 234 -2.8587453958197041e-05
234 234 2.8587453958197041e-05
231 231 3.288114536181205e-05
231 235 -3.288114536181205e-05
235 235 3.288114536181205e-05
232 232 6.9095296618052076e-05
232 235 -6.9095296618052076e-05
235 235 6.9095296618052076e-05
233 233 6.3957524996375702e-05
233 235 -6.3957524996375702e-05
235 235 6.3957524996375702e-05
234 234 3.2496560671137456e-05
234 235 -3.2496560671137456e-05
235 235 3.2496560671137456e-05
231 231 0.00015475441165885035
231 236 -0.00015475441165885035
236 236 0.00015475441165885035
232 232 4.5899820382167048e-05
232 236 -4.5899820382167048e-05
236 236 4.5899820382167048e-05
234 234 4.7365726992330855e-05
234 236 -4.7365726992330855e-05
236 236 4.7365726992330855e-05
231 231 0.00010100903282956485
231 237 -0.00010100903282956485
237 237 0.00010100903282956485
236 236 0.00019462651277926609
236 237 -0.00019462651277926609
237 237 0.00019462651277926609
238 238 4.5429314244328687e-05
238 239 -4.5429314244328687e-05
239 239 4.5429314244328687e-05
239 239 0.00010261811636535549
239 240 -0.00010261811636535549
240 240 0.00010261811636535549
238 238 2.304345241553273e-05
238 241 -2.304345241553273e-05
241 241 2.304345241553273e-05
239 239 4.0719226434908517e-05
239 241 -4.0719226434908517e-05
241 241 4.0719226434908517e-05
240 240 5.47178184857319e-05
240 241 -5.47178184857319e-05
241 241 5.47178184857319e-05
238 238 4.9436187078383762e-05
238 242 -4.9436187078383762e-05
242 242 4.9436187078383762e-05
239 239 4.0919675890812278e-05
239 242 -4.0919675890812278e-05
242 242 4.0919675890812278e-05
240 240 3.1565476986525446e-05
240 242 -3.1565476986525446e-05
242 242 3.1565476986525446e-05
243 243 4.0831864680860275e-05
243 244 -4.0831864680860275e-05
244 244 4.0831864680860275e-05
245 245 6.6646769020643334e-05
245 246 -6.6646769020643334e-05
246 246 6.6646769020643334e-05
245 245 2.5674782933517536e-05
245 247 -2.5674782933517536e-05
247 247 2.5674782933517536e-05
246 246 0.0001814239373043072
246 248 -0.0001814239373043072
248 248 0.0001814239373043072
247 247 2.7464626857279849e-05
247 248 -2.7464626857279849e-05
248 248 2.7464626857279849e-05
245 245 0.0001664838086044573
245 249 -0.0001664838086044573
249 249 0.0001664838086044573
246 246 9.5695303641782329e-05
246 249 -9.5695303641782329e-05
249 249 9.5695303641782329e-05
245 245 0.00010419726960262873
245 250 -0.00010419726960262873
250 250 0.00010419726960262873
249 249 7.4825398172181698e-05
249 250 -7.4825398172181698e-05
250 250 7.4825398172181698e-05
251 251 4.4197905289278265e-05
251 252 -4.4197905289278265e-05
252 252 4.4197905289278265e-05
251 251 8.4069910676221659e-05
251 253 -8.4069910676221659e-05
253 253 8.4069910676221659e-05
252 252 3.4082609254543805e-05
252 253 -3.4082609254543805e-05
253 253 3.4082609254543805e-05
251 251 3.1170680220945164e-05
251 254 -3.1170680220945164e-05
254 254 3.1170680220945164e-05
252 252 7.3545820593671885e-05
252 254 -7.3545820593671885e-05
254 254 7.3545820593671885e-05
253 253 2.8935490171438452e-05
253 254 -2.8935490171438452e-05
254 254 2.8935490171438452e-05
251 251 4.0432044295447127e-05
251 255 -4.0432044295447127e-05
255 255 4.0432044295447127e-05
252 252 7.6645401260422183e-05
252 255 -7.6645401260422183e-05
255 255 7.6645401260422183e-05
253 253 2.8504569391861484e-05
253 255 -2.8504569391861484e-05
255 255 2.8504569391861484e-05
254 254 3.8507202869835171e-05
254 255 -3.8507202869835171e-05
255 255 3.8507202869835171e-05
251 251 3.3465275957787517e-05
251 256 -3.3465275957787517e-05
256 256 3.3465275957787517e-05
252 252 4.3626269059696729e-05
252 256 -4.3626269059696729e-05
256 256 4.3626269059696729e-05
253 253 3.741539257865074e-05
253 256 -3.741539257865074e-05
256 256 3.741539257865074e-05
254 254 6.4852277678970389e-05
254 256 -6.4852277678970389e-05
256 256 6.4852277678970389e-05
251 251 8.5882613361006844e-05
251 257 -8.5882613361006844e-05
257 257 8.5882613361006844e-05
253 253 0.00020516052536366945
253 257 -0.00020516052536366945
257 257 0.00020516052536366945
258 258 3.3187921099365081e-05
258 259 -3.3187921099365081e-05
259 259 3.3187921099365081e-05
260 260 8.0427443604396767e-05
260 261 -8.0427443604396767e-05
261 261 8.0427443604396767e-05
260 260 4.7063323535529612e-05
260 262 -4.7063323535529612e-05
262 262 4.7063323535529612e-05
261 261 3.8836265113148752e-05
261 262 -3.8836265113148752e-05
262 262 3.8836265113148752e-05
260 260 4.6049109456446306e-05
260 263 -4.6049109456446306e-05
263 263 4.6049109456446306e-05
261 261 8.1472784601874419e-05
261 263 -8.1472784601874419e-05
263 263 8.1472784601874419e-05
262 262 4.1671868678348845e-05
262 263 -4.1671868678348845e-05
263 263 4.1671868678348845e-05
260 260 8.6663499953794178e-05
260 264 -8.6663499953794178e-05
264 264 8.6663499953794178e-05
261 261 4.7050496162213073e-05
261 264 -4.7050496162213073e-05
264 264 4.7050496162213073e-05
262 262 8.0484993108522295e-05
262 264 -8.0484993108522295e-05
264 264 8.0484993108522295e-05
263 263 3.8864994733752243e-05
263 264 -3.8864994733752243e-05
264 264 3.8864994733752243e-05
265 265 6.8117234379914618e-05
265 266 -6.8117234379914618e-05
266 266 6.8117234379914618e-05
265 265 5.5452083294402026e-05
265 267 -5.5452083294402026e-05
267 267 5.5452083294402026e-05
266 266 5.3774930465702856e-05
266 267 -5.3774930465702856e-05
267 267 5.3774930465702856e-05
265 265 0.00010554454342754118
265 268 -0.00010554454342754118
268 268 0.00010554454342754118
266 266 5.1022145887298058e-05
266 268 -5.1022145887298058e-05
268 268 5.1022145887298058e-05
265 265 8.8361502989641979e-05
265 269 -8.8361502989641979e-05
269 269 8.8361502989641979e-05
266 266 9.2539545784081005e-05
266 269 -9.2539545784081005e-05
269 269 9.2539545784081005e-05
267 267 3.9902531987441328e-05
267 269 -3.9902531987441328e-05
269 269 3.9902531987441328e-05
268 268 9.5761919600981186e-05
268 269 -9.5761919600981186e-05
269 269 9.5761919600981186e-05
265 265 5.9726164830642174e-05
265 270 -5.9726164830642174e-05
270 270 5.9726164830642174e-05
266 266 3.8974435749199124e-05
266 270 -3.8974435749199124e-05
270 270 3.8974435749199124e-05
267 267 8.1896855272955095e-05
267 270 -8.1896855272955095e-05
270 270 8.1896855272955095e-05
268 268 3.9918878722281726e-05
268 270 -3.9918878722281726e-05
270 270 3.9918878722281726e-05
271 271 9.2090798187824681e-05
271 272 -9.2090798187824681e-05
272 272 9.2090798187824681e-05
271 271 4.852248544660168e-05
271 273 -4.852248544660168e-05
273 273 4.852248544660168e-05
272 272 5.1544371746493824e-05
272 273 -5.1544371746493824e-05
273 273 5.1544371746493824e-05
274 274 3.1852743219377717e-05
274 275 -3.1852743219377717e-05
275 275 3.1852743219377717e-05
274 274 2.3296223187447729e-05
274 276 -2.3296223187447729e-05
276 276 2.3296223187447729e-05
275 275 3.6284510143977436e-05
275 276 -3.6284510143977436e-05
276 276 3.6284510143977436e-05
274 274 9.5721663451378336e-05
274 277 -9.5721663451378336e-05
277 277 9.5721663451378336e-05
275 275 2.9178668752370407e-05
275 277 -2.9178668752370407e-05
277 277 2.9178668752370407e-05
275 275 6.2555686061452955e-05
275 278 -6.2555686061452955e-05
278 278 6.2555686061452955e-05
276 276 2.8300524894560874e-05
276 278 -2.8300524894560874e-05
278 278 2.8300524894560874e-05
277 277 2.0787184030398186e-05
277 278 -2.0787184030398186e-05
278 278 2.0787184030398186e-05
274 274 3.415043725015716e-05
274 279 -3.415043725015716e-05
279 279 3.415043725015716e-05
275 275 3.7951797319326417e-05
275 279 -3.7951797319326417e-05
279 279 3.7951797319326417e-05
276 276 1.905996813484799e-05
276 279 -1.905996813484799e-05
279 279 1.905996813484799e-05
277 277 4.3075422401039327e-05
277 279 -4.3075422401039327e-05
279 279 4.3075422401039327e-05
278 278 2.9965127745490681e-05
278 279 -2.9965127745490681e-05
279 279 2.9965127745490681e-05
280 280 4.460287850280472e-05
280 281 -4.460287850280472e-05
281 281 4.460287850280472e-05
280 280 3.0798042093197653e-05
280 282 -3.0798042093197653e-05
282 282 3.0798042093197653e-05
281 281 4.7338050680192369e-05
281 282 -4.7338050680192369e-05
282 282 4.7338050680192369e-05
281 281 0.00017409082672439118
281 283 -0.00017409082672439118
283 283 0.00017409082672439118
282 282 5.1023830812265917e-05
282 283 -5.1023830812265917e-05
283 283 5.1023830812265917e-05
280 280 1.5098321947336097e-05
280 284 -1.5098321947336097e-05
284 284 1.5098321947336097e-05
282 282 2.3124946736605471e-05
282 284 -2.3124946736605471e-05
284 284 2.3124946736605471e-05
286 286 3.7985905744786488e-05
286 287 -3.7985905744786488e-05
287 287 3.7985905744786488e-05
286 286 0.00014942225121595653
286 288 -0.00014942225121595653
288 288 0.00014942225121595653
287 287 3.4013393228635317e-05
287 288 -3.4013393228635317e-05
288 288 3.4013393228635317e-05
285 285 0.00024349528281349212
285 289 -0.00024349528281349212
289 289 0.00024349528281349212
286 286 2.9280438441725943e-05
286 289 -2.9280438441725943e-05
289 289 2.9280438441725943e-05
287 287 2.0745406641938298e-05
287 289 -2.0745406641938298e-05
289 289 2.0745406641938298e-05
291 291 6.0915226201184196e-05
291 292 -6.0915226201184196e-05
292 292 6.0915226201184196e-05
291 291 7.4806837297985911e-05
291 293 -7.4806837297985911e-05
293 293 7.4806837297985911e-05
292 292 6.0670408934512318e-05
292 293 -6.0670408934512318e-05
293 293 6.0670408934512318e-05
291 291 7.9256844015837921e-05
291 294 -7.9256844015837921e-05
294 294 7.9256844015837921e-05
293 293 4.2450880018992128e-05
293 294 -4.2450880018992128e-05
294 294 4.2450880018992128e-05
291 291 4.335960204239041e-05
291 295 -4.335960204239041e-05
295 295 4.335960204239041e-05
292 292 5.3049321613146826e-05
292 295 -5.3049321613146826e-05
295 295 5.3049321613146826e-05
293 293 9.6080031437212359e-05
293 295 -9.6080031437212359e-05
295 295 9.6080031437212359e-05
291 291 5.9975880547290608e-05
291 296 -5.9975880547290608e-05
296 296 5.9975880547290608e-05
292 292 9.1978873474000289e-05
292 296 -9.1978873474000289e-05
296 296 9.1978873474000289e-05
293 293 4.1909163639005715e-05
293 296 -4.1909163639005715e-05
296 296 4.1909163639005715e-05
294 294 3.8335992464080304e-05
294 296 -3.8335992464080304e-05
296 296 3.8335992464080304e-05
291 291 5.0078017706163593e-05
291 297 -5.0078017706163593e-05
297 297 5.0078017706163593e-05
293 293 7.599574957525719e-05
293 297 -7.599574957525719e-05
297 297 7.599574957525719e-05
294 294 4.2581258565281705e-05
294 297 -4.2581258565281705e-05
297 297 4.2581258565281705e-05
295 295 5.1416364746331564e-05
295 297 -5.1416364746331564e-05
297 297 5.1416364746331564e-05
296 296 2.8571894516947694e-05
296 297 -2.8571894516947694e-05
297 297 2.8571894516947694e-05
298 298 6.7437684195450714e-05
298 299 -6.7437684195450714e-05
299 299 6.7437684195450714e-05
298 298 6.733175845688143e-05
298 300 -6.733175845688143e-05
300 300 6.733175845688143e-05
299 299 0.00016954251530289799
299 300 -0.00016954251530289799
300 300 0.00016954251530289799
298 298 6.3759068613987048e-05
298 301 -6.3759068613987048e-05
301 301 6.3759068613987048e-05
299 299 4.1454389988920728e-05
299 301 -4.1454389988920728e-05
301 301 4.1454389988920728e-05
300 300 3.6530936804449516e-05
300 301 -3.6530936804449516e-05
301 301 3.6530936804449516e-05
298 298 4.1925133945350277e-05
298 302 -4.1925133945350277e-05
302 302 4.1925133945350277e-05
299 299 4.3004777648949348e-05
299 302 -4.3004777648949348e-05
302 302 4.3004777648949348e-05
301 301 7.0384514847538485e-05
301 302 -7.0384514847538485e-05
302 302 7.0384514847538485e-05
303 303 5.1798132923790743e-05
303 304 -5.1798132923790743e-05
304 304 5.1798132923790743e-05
303 303 6.2477814351092641e-05
303 305 -6.2477814351092641e-05
305 305 6.2477814351092641e-05
304 304 6.6725505993156129e-05
304 305 -6.6725505993156129e-05
305 305 6.6725505993156129e-05
303 303 5.7633575896369745e-05
303 306 -5.7633575896369745e-05
306 306 5.7633575896369745e-05
304 304 2.7783595197933232e-05
304 306 -2.7783595197933232e-05
306 306 2.7783595197933232e-05
305 305 3.0846420720989028e-05
305 306 -3.0846420720989028e-05
306 306 3.0846420720989028e-05
308 308 0.0020879860876095485
308 309 -0.0020879860876095485
309 309 0.0020879860876095485
309 309 8.9754181634345702e-05
309 311 -8.9754181634345702e-05
311 311 8.9754181634345702e-05
310 310 6.16728607465723e-05
310 311 -6.16728607465723e-05
311 311 6.16728607465723e-05
308 308 3.2597109236924878e-05
308 312 -3.2597109236924878e-05
312 312 3.2597109236924878e-05
310 310 2.8919937029070091e-05
310 312 -2.8919937029070091e-05
312 312 2.8919937029070091e-05
311 311 3.4420852550671735e-05
311 312 -3.4420852550671735e-05
312 312 3.4420852550671735e-05
310 310 2.218557026016322e-05
310 313 -2.218557026016322e-05
313 313 2.218557026016322e-05
311 311 2.2095975179718248e-05
311 313 -2.2095975179718248e-05
313 313 2.2095975179718248e-05
312 312 5.2036011409017029e-05
312 313 -5.2036011409017029e-05
313 313 5.2036011409017029e-05
309 309 2.7891076780041456e-05
309 314 -2.7891076780041456e-05
314 314 2.7891076780041456e-05
310 310 4.1683342788878914e-05
310 314 -4.1683342788878914e-05
314 314 4.1683342788878914e-05
311 311 3.4584790117243035e-05
311 314 -3.4584790117243035e-05
314 314 3.4584790117243035e-05
312 312 1.7800118170481605e-05
312 314 -1.7800118170481605e-05
314 314 1.7800118170481605e-05
308 308 5.4168529514679297e-05
308 315 -5.4168529514679297e-05
315 315 5.4168529514679297e-05
312 312 2.888356455642563e-05
312 315 -2.888356455642563e-05
315 315 2.888356455642563e-05
309 309 5.5344294977075871e-05
309 316 -5.5344294977075871e-05
316 316 5.5344294977075871e-05
310 310 2.7520986174400494e-05
310 316 -2.7520986174400494e-05
316 316 2.7520986174400494e-05
311 311 4.2055416235495652e-05
311 316 -4.2055416235495652e-05
316 316 4.2055416235495652e-05
314 314 3.1424236762401483e-05
314 316 -3.1424236762401483e-05
316 316 3.1424236762401483e-05
315 315 3.5761139894751144e-05
315 316 -3.5761139894751144e-05
316 316 3.5761139894751144e-05
317 317 4.0420306302078884e-05
317 318 -4.0420306302078884e-05
318 318 4.0420306302078884e-05
317 317 4.3738183862849364e-05
317 319 -4.3738183862849364e-05
319 319 4.3738183862849364e-05
318 318 8.3298232390888977e-05
318 319 -8.3298232390888977e-05
319 319 8.3298232390888977e-05
317 317 6.6617661319615595e-05
317 320 -6.6617661319615595e-05
320 320 6.6617661319615595e-05
318 318 3.0666199538970979e-05
318 320 -3.0666199538970979e-05
320 320 3.0666199538970979e-05
319 319 2.8322442741968963e-05
319 320 -2.8322442741968963e-05
320 320 2.8322442741968963e-05
317 317 3.7482788528774995e-05
317 321 -3.7482788528774995e-05
321 321 3.7482788528774995e-05
318 318 5.8484815385151303e-05
318 321 -5.8484815385151303e-05
321 321 5.8484815385151303e-05
319 319 3.6100465004265436e-05
319 321 -3.6100465004265436e-05
321 321 3.6100465004265436e-05
317 317 5.0757103686900851e-05
317 322 -5.0757103686900851e-05
322 322 5.0757103686900851e-05
318 318 4.6568532378397848e-05
318 322 -4.6568532378397848e-05
322 322 4.6568532378397848e-05
319 319 3.456498179532492e-05
319 322 -3.456498179532492e-05
322 322 3.456498179532492e-05
320 320 6.4077642069879581e-05
320 322 -6.4077642069879581e-05
322 322 6.4077642069879581e-05
321 321 0.00010046539931228333
321 322 -0.00010046539931228333
322 322 0.00010046539931228333
317 317 4.7857162304676358e-05
317 323 -4.7857162304676358e-05
323 323 4.7857162304676358e-05
318 318 5.4999627964118483e-05
318 323 -5.4999627964118483e-05
323 323 5.4999627964118483e-05
319 319 0.00014696649339394078
319 323 -0.00014696649339394078
323 323 0.00014696649339394078
320 320 2.857798836556623e-05
320 323 -2.857798836556623e-05
323 323 2.857798836556623e-05
322 322 3.159030583534031e-05
322 323 -3.159030583534031e-05
323 323 3.159030583534031e-05
324 324 4.3112424787932196e-05
324 325 -4.3112424787932196e-05
325 325 4.3112424787932196e-05
324 324 4.7236695447139329e-05
324 326 -4.7236695447139329e-05
326 326 4.7236695447139329e-05
325 325 3.8470797030945294e-05
325 326 -3.8470797030945294e-05
326 326 3.8470797030945294e-05
324 324 3.9823697078782969e-05
324 327 -3.9823697078782969e-05
327 327 3.9823697078782969e-05
325 325 7.421812618089745e-05
325 327 -7.421812618089745e-05
327 327 7.421812618089745e-05
326 326 6.2234097967043617e-05
326 327 -6.2234097967043617e-05
327 327 6.2234097967043617e-05
324 324 9.7517008151579761e-05
324 328 -9.7517008151579761e-05
328 328 9.7517008151579761e-05
325 325 4.4435933065975277e-05
325 328 -4.4435933065975277e-05
328 328 4.4435933065975277e-05
326 326 3.3178920415623803e-05
326 328 -3.3178920415623803e-05
328 328 3.3178920415623803e-05
327 327 3.3859135016666117e-05
327 328 -3.3859135016666117e-05
328 328 3.3859135016666117e-05
329 329 4.3014958829895925e-05
329 330 -4.3014958829895925e-05
330 330 4.3014958829895925e-05
331 331 5.1521242251187159e-05
331 332 -5.1521242251187159e-05
332 332 5.1521242251187159e-05
331 331 7.9641654615323636e-05
331 333 -7.9641654615323636e-05
333 333 7.9641654615323636e-05
332 332 5.596428695165636e-05
332 333 -5.596428695165636e-05
333 333 5.596428695165636e-05
332 332 4.1077104042235541e-05
332 334 -4.1077104042235541e-05
334 334 4.1077104042235541e-05
333 333 9.9929653297648724e-05
333 334 -9.9929653297648724e-05
334 334 9.9929653297648724e-05
332 332 8.6278691367494982e-05
332 335 -8.6278691367494982e-05
335 335 8.6278691367494982e-05
334 334 2.960008776322959e-05
334 335 -2.960008776322959e-05
335 335 2.960008776322959e-05
336 336 9.1806385319980101e-05
336 337 -9.1806385319980101e-05
337 337 9.1806385319980101e-05
336 336 4.6038993733278108e-05
336 338 -4.6038993733278108e-05
338 338 4.6038993733278108e-05
337 337 3.3777122734459788e-05
337 338 -3.3777122734459788e-05
338 338 3.3777122734459788e-05
339 339 7.5497387935274669e-05
339 340 -7.5497387935274669e-05
340 340 7.5497387935274669e-05
339 339 9.2176883223108534e-05
339 341 -9.2176883223108534e-05
341 341 9.2176883223108534e-05
339 339 9.2384689786700091e-05
339 342 -9.2384689786700091e-05
342 342 9.2384689786700091e-05
340 340 4.9643735641979487e-05
340 342 -4.9643735641979487e-05
342 342 4.9643735641979487e-05
341 341 6.6190575544885271e-05
341 342 -6.6190575544885271e-05
342 342 6.6190575544885271e-05
339 339 6.775255396027488e-05
339 343 -6.775255396027488e-05
343 343 6.775255396027488e-05
340 340 5.3245397764478977e-05
340 343 -5.3245397764478977e-05
343 343 5.3245397764478977e-05
341 341 6.3369446147968324e-05
341 343 -6.3369446147968324e-05
343 343 6.3369446147968324e-05
344 344 4.8309047005216825e-05
344 345 -4.8309047005216825e-05
345 345 4.8309047005216825e-05
344 344 4.1225199621550917e-05
344 346 -4.1225199621550917e-05
346 346 4.1225199621550917e-05
345 345 4.3007127852100451e-05
345 346 -4.3007127852100451e-05
346 346 4.3007127852100451e-05
347 347 6.1659185654861046e-05
347 348 -6.1659185654861046e-05
348 348 6.1659185654861046e-05
347 347 4.8968333433931727e-05
347 349 -4.8968333433931727e-05
349 349 4.8968333433931727e-05
348 348 3.0883837149013253e-05
348 349 -3.0883837149013253e-05
349 349 3.0883837149013253e-05
347 347 6.3455379538947642e-05
347 350 -6.3455379538947642e-05
350 350 6.3455379538947642e-05
348 348 3.2256363487387085e-05
348 350 -3.2256363487387085e-05
350 350 3.2256363487387085e-05
349 349 0.00010196414943416234
349 350 -0.00010196414943416234
350 350 0.00010196414943416234
347 347 4.1804952361221895e-05
347 351 -4.1804952361221895e-05
351 351 4.1804952361221895e-05
348 348 5.8949293429892276e-05
348 351 -5.8949293429892276e-05
351 351 5.8949293429892276e-05
347 347 3.1350297811058647e-05
347 352 -3.1350297811058647e-05
352 352 3.1350297811058647e-05
348 348 4.4347557535649715e-05
348 352 -4.4347557535649715e-05
352 352 4.4347557535649715e-05
349 349 2.8236427292753279e-05
349 352 -2.8236427292753279e-05
352 352 2.8236427292753279e-05
350 350 2.494053261831212e-05
350 352 -2.494053261831212e-05
352 352 2.494053261831212e-05
354 354 4.4951872126071959e-05
354 355 -4.4951872126071959e-05
355 355 4.4951872126071959e-05
354 354 0.00011262897999379576
354 356 -0.00011262897999379576
356 356 0.00011262897999379576
354 354 2.4371180462504668e-05
354 357 -2.4371180462504668e-05
357 357 2.4371180462504668e-05
355 355 4.6098859440863716e-05
355 357 -4.6098859440863716e-05
357 357 4.6098859440863716e-05
354 354 2.6601872632081349e-05
354 358 -2.6601872632081349e-05
358 358 2.6601872632081349e-05
355 355 3.4568031427640897e-05
355 358 -3.4568031427640897e-05
358 358 3.4568031427640897e-05
356 356 2.3496295154610937e-05
356 358 -2.3496295154610937e-05
358 358 2.3496295154610937e-05
357 357 4.9289485292913611e-05
357 358 -4.9289485292913611e-05
358 358 4.9289485292913611e-05
359 359 8.8984965205162717e-05
359 360 -8.8984965205162717e-05
360 360 8.8984965205162717e-05
359 359 5.8420383571294199e-05
359 361 -5.8420383571294199e-05
361 361 5.8420383571294199e-05
360 360 5.1606266474302558e-05
360 361 -5.1606266474302558e-05
361 361 5.1606266474302558e-05
359 359 4.7887890279833379e-05
359 362 -4.7887890279833379e-05
362 362 4.7887890279833379e-05
360 360 3.421712488289532e-05
360 362 -3.421712488289532e-05
362 362 3.421712488289532e-05
361 361 2.7358747700391349e-05
361 362 -2.7358747700391349e-05
362 362 2.7358747700391349e-05
359 359 5.0230782290749396e-05
359 363 -5.0230782290749396e-05
363 363 5.0230782290749396e-05
360 360 9.3902514328672096e-05
360 363 -9.3902514328672096e-05
363 363 9.3902514328672096e-05
361 361 5.3878101800460309e-05
361 363 -5.3878101800460309e-05
363 363 5.3878101800460309e-05
364 364 6.4201943621096901e-05
364 365 -6.4201943621096901e-05
365 365 6.4201943621096901e-05
364 364 2.8679250639613421e-05
364 366 -2.8679250639613421e-05
366 366 2.8679250639613421e-05
365 365 3.5812560941482149e-05
365 366 -3.5812560941482149e-05
366 366 3.5812560941482149e-05
365 365 3.1853600934030173e-05
365 367 -3.1853600934030173e-05
367 367 3.1853600934030173e-05
366 366 4.0524338334207486e-05
366 367 -4.0524338334207486e-05
367 367 4.0524338334207486e-05
364 364 0.00055383837769543858
364 368 -0.00055383837769543858
368 368 0.00055383837769543858
367 367 4.0169002502682944e-05
367 368 -4.0169002502682944e-05
368 368 4.0169002502682944e-05
364 364 3.0824439926919073e-05
364 369 -3.0824439926919073e-05
369 369 3.0824439926919073e-05
365 365 4.8467959870927217e-05
365 369 -4.8467959870927217e-05
369 369 4.8467959870927217e-05
366 366 8.1221122059639238e-05
366 369 -8.1221122059639238e-05
369 369 8.1221122059639238e-05
367 367 3.125576912038542e-05
367 369 -3.125576912038542e-05
369 369 3.125576912038542e-05
370 370 3.4673951395779641e-05
370 371 -3.4673951395779641e-05
371 371 3.4673951395779641e-05
370 370 6.0997139948133322e-05
370 372 -6.0997139948133322e-05
372 372 6.0997139948133322e-05
371 371 3.4256041271018279e-05
371 372 -3.4256041271018279e-05
372 372 3.4256041271018279e-05
370 370 3.3011251867026827e-05
370 373 -3.3011251867026827e-05
373 373 3.3011251867026827e-05
371 371 5.2377810772923981e-05
371 373 -5.2377810772923981e-05
373 373 5.2377810772923981e-05
372 372 2.5285821505397877e-05
372 373 -2.5285821505397877e-05
373 373 2.5285821505397877e-05
375 375 5.3639399247880096e-05
375 376 -5.3639399247880096e-05
376 376 5.3639399247880096e-05
375 375 0.00038813156071139756
375 377 -0.00038813156071139756
377 377 0.00038813156071139756
375 375 5.5990060471970765e-05
375 378 -5.5990060471970765e-05
378 378 5.5990060471970765e-05
376 376 2.9120112787505944e-05
376 378 -2.9120112787505944e-05
378 378 2.9120112787505944e-05
376 376 4.1356486922707689e-05
376 379 -4.1356486922707689e-05
379 379 4.1356486922707689e-05
377 377 3.0710470821841911e-05
377 379 -3.0710470821841911e-05
379 379 3.0710470821841911e-05
375 375 3.6415650744944546e-05
375 380 -3.6415650744944546e-05
380 380 3.6415650744944546e-05
376 376 4.3099069037836478e-05
376 380 -4.3099069037836478e-05
380 380 4.3099069037836478e-05
378 378 3.2176934525264958e-05
378 380 -3.2176934525264958e-05
380 380 3.2176934525264958e-05
381 381 3.2513742597317343e-05
381 382 -3.2513742597317343e-05
382 382 3.2513742597317343e-05
381 381 3.5126324264537139e-05
381 383 -3.5126324264537139e-05
383 383 3.5126324264537139e-05
382 382 4.4710325909693327e-05
382 383 -4.4710325909693327e-05
383 383 4.4710325909693327e-05
382 382 0.00029793222994468687
382 384 -0.00029793222994468687
384 384 0.00029793222994468687
381 381 4.952336912711068e-05
381 385 -4.952336912711068e-05
385 385 4.952336912711068e-05
382 382 3.1388568089238349e-05
382 385 -3.1388568089238349e-05
385 385 3.1388568089238349e-05
383 383 2.3809524740210314e-05
383 385 -2.3809524740210314e-05
385 385 2.3809524740210314e-05
381 381 6.8810975138360197e-05
381 386 -6.8810975138360197e-05
386 386 6.8810975138360197e-05
382 382 2.7557244111657331e-05
382 386 -2.7557244111657331e-05
386 386 2.7557244111657331e-05
383 383 4.2240856367153014e-05
383 386 -4.2240856367153014e-05
386 386 4.2240856367153014e-05
387 387 4.9575375752674925e-05
387 388 -4.9575375752674925e-05
388 388 4.9575375752674925e-05
387 387 4.1964281844522669e-05
387 389 -4.1964281844522669e-05
389 389 4.1964281844522669e-05
388 388 6.5315016369974936e-05
388 389 -6.5315016369974936e-05
389 389 6.5315016369974936e-05
390 390 3.0920982829663515e-05
390 391 -3.0920982829663515e-05
391 391 3.0920982829663515e-05
390 390 6.3090445876561862e-05
390 392 -6.3090445876561862e-05
392 392 6.3090445876561862e-05
391 391 2.2023769850679732e-05
391 392 -2.2023769850679732e-05
392 392 2.2023769850679732e-05
390 390 3.6564653589904032e-05
390 393 -3.6564653589904032e-05
393 393 3.6564653589904032e-05
391 391 2.4048202711589851e-05
391 393 -2.4048202711589851e-05
393 393 2.4048202711589851e-05
392 392 4.7372838728795231e-05
392 393 -4.7372838728795231e-05
393 393 4.7372838728795231e-05
390 390 4.7033282830909038e-05
390 394 -4.7033282830909038e-05
394 394 4.7033282830909038e-05
391 391 4.175078273831363e-05
391 394 -4.175078273831363e-05
394 394 4.175078273831363e-05
393 393 2.2184080613935618e-05
393 394 -2.2184080613935618e-05
394 394 2.2184080613935618e-05
395 395 3.1916543843740059e-05
395 396 -3.1916543843740059e-05
396 396 3.1916543843740059e-05
395 395 2.8745839435670101e-05
395 397 -2.8745839435670101e-05
397 397 2.8745839435670101e-05
396 396 5.2769390510910591e-05
396 397 -5.2769390510910591e-05
397 397 5.2769390510910591e-05
398 398 3.5635348087121478e-05
398 399 -3.5635348087121478e-05
399 399 3.5635348087121478e-05
398 398 4.0188716463811214e-05
398 400 -4.0188716463811214e-05
400 400 4.0188716463811214e-05
399 399 5.9192250536810304e-05
399 400 -5.9192250536810304e-05
400 400 5.9192250536810304e-05
401 401 3.9257974266554484e-05
401 402 -3.9257974266554484e-05
402 402 3.9257974266554484e-05
401 401 5.5689753212879269e-05
401 403 -5.5689753212879269e-05
403 403 5.5689753212879269e-05
402 402 8.271855229956321e-05
402 403 -8.271855229956321e-05
403 403 8.271855229956321e-05
401 401 4.1171803998165098e-05
401 404 -4.1171803998165098e-05
404 404 4.1171803998165098e-05
402 402 4.3940936618876718e-05
402 404 -4.3940936618876718e-05
404 404 4.3940936618876718e-05
403 403 3.6271114922461432e-05
403 404 -3.6271114922461432e-05
404 404 3.6271114922461432e-05
405 405 0.0012273259427304374
405 406 -0.0012273259427304374
406 406 0.0012273259427304374
407 407 7.5173251182642238e-05
407 408 -7.5173251182642238e-05
408 408 7.5173251182642238e-05
405 405 4.2276490270796813e-05
405 409 -4.2276490270796813e-05
409 409 4.2276490270796813e-05
407 407 3.578891016543765e-05
407 409 -3.578891016543765e-05
409 409 3.578891016543765e-05
408 408 4.4789014122109523e-05
408 409 -4.4789014122109523e-05
409 409 4.4789014122109523e-05
405 405 0.0012280004798429472
405 410 -0.0012280004798429472
410 410 0.0012280004798429472
406 406 0.00091304045847949834
406 410 -0.00091304045847949834
410 410 0.00091304045847949834
408 408 6.5783923960993629e-05
408 410 -6.5783923960993629e-05
410 410 6.5783923960993629e-05
407 407 3.4808317029532525e-05
407 411 -3.4808317029532525e-05
411 411 3.4808317029532525e-05
408 408 5.3391887329171204e-05
408 411 -5.3391887329171204e-05
411 411 5.3391887329171204e-05
409 409 2.6528379872472214e-05
409 411 -2.6528379872472214e-05
411 411 2.6528379872472214e-05
410 410 6.2858727209876261e-05
410 411 -6.2858727209876261e-05
411 411 6.2858727209876261e-05
406 406 6.5107708269025513e-05
406 412 -6.5107708269025513e-05
412 412 6.5107708269025513e-05
408 408 3.2810039770841073e-05
408 412 -3.2810039770841073e-05
412 412 3.2810039770841073e-05
409 409 2.6491135122821861e-05
409 412 -2.6491135122821861e-05
412 412 2.6491135122821861e-05
411 411 4.7255478551450793e-05
411 412 -4.7255478551450793e-05
412 412 4.7255478551450793e-05
407 407 5.7161186957532663e-05
407 413 -5.7161186957532663e-05
413 413 5.7161186957532663e-05
408 408 3.4055332096193717e-05
408 413 -3.4055332096193717e-05
413 413 3.4055332096193717e-05
409 409 2.9707675413714448e-05
409 413 -2.9707675413714448e-05
413 413 2.9707675413714448e-05
405 405 2.6792295294999994e-05
405 414 -2.6792295294999994e-05
414 414 2.6792295294999994e-05
407 407 3.8057859053564495e-05
407 414 -3.8057859053564495e-05
414 414 3.8057859053564495e-05
408 408 3.4432184605297755e-05
408 414 -3.4432184605297755e-05
414 414 3.4432184605297755e-05
409 409 5.9123544874986733e-05
409 414 -5.9123544874986733e-05
414 414 5.9123544874986733e-05
413 413 4.5204356131884748e-05
413 414 -4.5204356131884748e-05
414 414 4.5204356131884748e-05
407 407 2.5927265251830206e-05
407 415 -2.5927265251830206e-05
415 415 2.5927265251830206e-05
408 408 3.230272795160823e-05
408 415 -3.230272795160823e-05
415 415 3.230272795160823e-05
410 410 3.5184514032195526e-05
410 415 -3.5184514032195526e-05
415 415 3.5184514032195526e-05
411 411 7.6209553957747893e-05
411 415 -7.6209553957747893e-05
415 415 7.6209553957747893e-05
412 412 3.5502846327837645e-05
412 415 -3.5502846327837645e-05
415 415 3.5502846327837645e-05
407 407 4.6330853175034864e-05
407 416 -4.6330853175034864e-05
416 416 4.6330853175034864e-05
408 408 3.301840352045004e-05
408 416 -3.301840352045004e-05
416 416 3.301840352045004e-05
410 410 2.3061730106550096e-05
410 416 -2.3061730106550096e-05
416 416 2.3061730106550096e-05
411 411 2.8551194213554305e-05
411 416 -2.8551194213554305e-05
416 416 2.8551194213554305e-05
413 413 3.4050749894725473e-05
413 416 -3.4050749894725473e-05
416 416 3.4050749894725473e-05
414 414 2.146400081398265e-05
414 416 -2.146400081398265e-05
416 416 2.146400081398265e-05
415 415 2.6352351818604568e-05
415 416 -2.6352351818604568e-05
416 416 2.6352351818604568e-05
417 417 3.0263892541365091e-05
417 418 -3.0263892541365091e-05
418 418 3.0263892541365091e-05
419 419 5.5218437681841059e-05
419 420 -5.5218437681841059e-05
420 420 5.5218437681841059e-05
419 419 5.2368433564561278e-05
419 421 -5.2368433564561278e-05
421 421 5.2368433564561278e-05
420 420 6.248037626604878e-05
420 421 -6.248037626604878e-05
421 421 6.248037626604878e-05
419 419 5.5842748403297734e-05
419 422 -5.5842748403297734e-05
422 422 5.5842748403297734e-05
420 420 3.8730464324713502e-05
420 422 -3.8730464324713502e-05
422 422 3.8730464324713502e-05
421 421 2.8540851155201253e-05
421 422 -2.8540851155201253e-05
422 422 2.8540851155201253e-05
419 419 3.3559315350620991e-05
419 423 -3.3559315350620991e-05
423 423 3.3559315350620991e-05
420 420 5.736291307303661e-05
420 423 -5.736291307303661e-05
423 423 5.736291307303661e-05
422 422 3.8833079954503866e-05
422 423 -3.8833079954503866e-05
423 423 3.8833079954503866e-05
424 424 6.5147898024891542e-05
424 425 -6.5147898024891542e-05
425 425 6.5147898024891542e-05
424 424 4.246191697093914e-05
424 426 -4.246191697093914e-05
426 426 4.246191697093914e-05
424 424 6.6560732776358878e-05
424 427 -6.6560732776358878e-05
427 427 6.6560732776358878e-05
425 425 3.5306252147924607e-05
425 427 -3.5306252147924607e-05
427 427 3.5306252147924607e-05
426 426 5.0412170153254474e-05
426 427 -5.0412170153254474e-05
427 427 5.0412170153254474e-05
428 428 6.4790897049033547e-05
428 429 -6.4790897049033547e-05
429 429 6.4790897049033547e-05
428 428 6.211969304122004e-05
428 430 -6.211969304122004e-05
430 430 6.211969304122004e-05
429 429 4.3139171839351798e-05
429 430 -4.3139171839351798e-05
430 430 4.3139171839351798e-05
428 428 7.5814312225255947e-05
428 431 -7.5814312225255947e-05
431 431 7.5814312225255947e-05
429 429 8.92274292187444e-05
429 431 -8.92274292187444e-05
431 431 8.92274292187444e-05
430 430 3.6325258737632206e-05
430 431 -3.6325258737632206e-05
431 431 3.6325258737632206e-05
428 428 8.2686275510322592e-05
428 432 -8.2686275510322592e-05
432 432 8.2686275510322592e-05
430 430 5.0775130239269281e-05
430 432 -5.0775130239269281e-05
432 432 5.0775130239269281e-05
431 431 4.3168635254419574e-05
431 432 -4.3168635254419574e-05
432 432 4.3168635254419574e-05
433 433 0.0018158531453492492
433 434 -0.0018158531453492492
434 434 0.0018158531453492492
433 433 3.0948579756188528e-05
433 435 -3.0948579756188528e-05
435 435 3.0948579756188528e-05
433 433 2.9056185995463478e-05
433 436 -2.9056185995463478e-05
436 436 2.9056185995463478e-05
435 435 3.6618975968859075e-05
435 436 -3.6618975968859075e-05
436 436 3.6618975968859075e-05
437 437 2.8590461188061792e-05
437 438 -2.8590461188061792e-05
438 438 2.8590461188061792e-05
437 437 3.5689948079157231e-05
437 439 -3.5689948079157231e-05
439 439 3.5689948079157231e-05
438 438 2.1816433830477939e-05
438 439 -2.1816433830477939e-05
439 439 2.1816433830477939e-05
440 440 4.6732242211315904e-05
440 441 -4.6732242211315904e-05
441 441 4.6732242211315904e-05
440 440 2.927693894122036e-05
440 442 -2.927693894122036e-05
442 442 2.927693894122036e-05
441 441 3.1547184675672908e-05
441 442 -3.1547184675672908e-05
442 442 3.1547184675672908e-05
443 443 4.6716828400790772e-05
443 444 -4.6716828400790772e-05
444 444 4.6716828400790772e-05
443 443 4.2383859098532633e-05
443 445 -4.2383859098532633e-05
445 445 4.2383859098532633e-05
444 444 3.3737576750962011e-05
444 445 -3.3737576750962011e-05
445 445 3.3737576750962011e-05
443 443 4.6577180683572926e-05
443 446 -4.6577180683572926e-05
446 446 4.6577180683572926e-05
444 444 4.0748923500703139e-05
444 446 -4.0748923500703139e-05
446 446 4.0748923500703139e-05
445 445 2.2864865808670174e-05
445 446 -2.2864865808670174e-05
446 446 2.2864865808670174e-05
447 447 4.4508359076578219e-05
447 448 -4.4508359076578219e-05
448 448 4.4508359076578219e-05
447 447 6.8198308677416188e-05
447 449 -6.8198308677416188e-05
449 449 6.8198308677416188e-05
448 448 5.6737318229137759e-05
448 449 -5.6737318229137759e-05
449 449 5.6737318229137759e-05
447 447 3.2213569834765228e-05
447 450 -3.2213569834765228e-05
450 450 3.2213569834765228e-05
448 448 5.3889863869038835e-05
448 450 -5.3889863869038835e-05
450 450 5.3889863869038835e-05
449 449 5.7678850793041255e-05
449 450 -5.7678850793041255e-05
450 450 5.7678850793041255e-05
447 447 3.9852768912438532e-05
447 451 -3.9852768912438532e-05
451 451 3.9852768912438532e-05
448 448 5.3438501113315088e-05
448 451 -5.3438501113315088e-05
451 451 5.3438501113315088e-05
449 449 3.2595293559441664e-05
449 451 -3.2595293559441664e-05
451 451 3.2595293559441664e-05
447 447 9.8018487334281269e-05
447 452 -9.8018487334281269e-05
452 452 9.8018487334281269e-05
449 449 5.0932151462115121e-05
449 452 -5.0932151462115121e-05
452 452 5.0932151462115121e-05
453 453 2.5555390500392664e-05
453 454 -2.5555390500392664e-05
454 454 2.5555390500392664e-05
455 455 5.0065557250427188e-05
455 456 -5.0065557250427188e-05
456 456 5.0065557250427188e-05
455 455 5.7562308708356982e-05
455 457 -5.7562308708356982e-05
457 457 5.7562308708356982e-05
456 456 0.00011101586602170997
456 457 -0.00011101586602170997
457 457 0.00011101586602170997
458 458 3.5715946244358204e-05
458 459 -3.5715946244358204e-05
459 459 3.5715946244358204e-05
458 458 4.0590077926665828e-05
458 460 -4.0590077926665828e-05
460 460 4.0590077926665828e-05
459 459 7.3841195918795279e-05
459 460 -7.3841195918795279e-05
460 460 7.3841195918795279e-05
461 461 5.8183250467083585e-05
461 462 -5.8183250467083585e-05
462 462 5.8183250467083585e-05
461 461 4.3136399595258929e-05
461 463 -4.3136399595258929e-05
463 463 4.3136399595258929e-05
462 462 4.8270214317462117e-05
462 463 -4.8270214317462117e-05
463 463 4.8270214317462117e-05
464 464 6.4325116560675654e-05
464 465 -6.4325116560675654e-05
465 465 6.4325116560675654e-05
464 464 3.4279342062651216e-05
464 466 -3.4279342062651216e-05
466 466 3.4279342062651216e-05
465 465 3.4993546752545889e-05
465 466 -3.4993546752545889e-05
466 466 3.4993546752545889e-05
467 467 3.7519897260170871e-05
467 468 -3.7519897260170871e-05
468 468 3.7519897260170871e-05
467 467 3.3074563025085622e-05
467 469 -3.3074563025085622e-05
469 469 3.3074563025085622e-05
468 468 5.2436659877818502e-05
468 469 -5.2436659877818502e-05
469 469 5.2436659877818502e-05
467 467 5.4137518992134628e-05
467 470 -5.4137518992134628e-05
470 470 5.4137518992134628e-05
468 468 3.3483504597750978e-05
468 470 -3.3483504597750978e-05
470 470 3.3483504597750978e-05
469 469 4.8385562424428338e-05
469 470 -4.8385562424428338e-05
470 470 4.8385562424428338e-05
467 467 3.3007760194668375e-05
467 471 -3.3007760194668375e-05
471 471 3.3007760194668375e-05
468 468 5.5550093614074536e-05
468 471 -5.5550093614074536e-05
471 471 5.5550093614074536e-05
470 470 2.3810138084628551e-05
470 471 -2.3810138084628551e-05
471 471 2.3810138084628551e-05
472 472 6.2751613487228164e-05
472 473 -6.2751613487228164e-05
473 473 6.2751613487228164e-05
472 472 8.5508759920591916e-05
472 474 -8.5508759920591916e-05
474 474 8.5508759920591916e-05
473 473 6.3226334727328409e-05
473 474 -6.3226334727328409e-05
474 474 6.3226334727328409e-05
472 472 3.7825648409708472e-05
472 475 -3.7825648409708472e-05
475 475 3.7825648409708472e-05
473 473 8.7761479570700075e-05
473 475 -8.7761479570700075e-05
475 475 8.7761479570700075e-05
473 473 4.7956252750891383e-05
473 476 -4.7956252750891383e-05
476 476 4.7956252750891383e-05
474 474 7.3191268833919669e-05
474 476 -7.3191268833919669e-05
476 476 7.3191268833919669e-05
475 475 3.4470722057111178e-05
475 476 -3.4470722057111178e-05
476 476 3.4470722057111178e-05
477 477 4.0835945865363461e-05
477 478 -4.0835945865363461e-05
478 478 4.0835945865363461e-05
477 477 4.6685166286852802e-05
477 479 -4.6685166286852802e-05
479 479 4.6685166286852802e-05
478 478 2.5567429776248638e-05
478 479 -2.5567429776248638e-05
479 479 2.5567429776248638e-05
477 477 2.5894695562610096e-05
477 480 -2.5894695562610096e-05
480 480 2.5894695562610096e-05
478 478 4.3319035904062299e-05
478 480 -4.3319035904062299e-05
480 480 4.3319035904062299e-05
479 479 2.4080337668774916e-05
479 480 -2.4080337668774916e-05
480 480 2.4080337668774916e-05
481 481 7.4835362435937108e-05
481 482 -7.4835362435937108e-05
482 482 7.4835362435937108e-05
481 481 3.401502018270334e-05
481 483 -3.401502018270334e-05
483 483 3.401502018270334e-05
482 482 3.8010455850270322e-05
482 483 -3.8010455850270322e-05
483 483 3.8010455850270322e-05
484 484 4.2446027073949433e-05
484 485 -4.2446027073949433e-05
485 485 4.2446027073949433e-05
484 484 3.9211116122625107e-05
484 486 -3.9211116122625107e-05
486 486 3.9211116122625107e-05
485 485 4.4687272873993164e-05
485 486 -4.4687272873993164e-05
486 486 4.4687272873993164e-05
484 484 2.7767160256299679e-05
484 487 -2.7767160256299679e-05
487 487 2.7767160256299679e-05
485 485 5.9090046045478315e-05
485 487 -5.9090046045478315e-05
487 487 5.9090046045478315e-05
484 484 2.6193805655584003e-05
484 488 -2.6193805655584003e-05
488 488 2.6193805655584003e-05
486 486 5.3435630846725185e-05
486 488 -5.3435630846725185e-05
488 488 5.3435630846725185e-05
484 484 6.5300902391093207e-05
484 489 -6.5300902391093207e-05
489 489 6.5300902391093207e-05
486 486 2.6251740563515774e-05
486 489 -2.6251740563515774e-05
489 489 2.6251740563515774e-05
488 488 2.1768686029450748e-05
488 489 -2.1768686029450748e-05
489 489 2.1768686029450748e-05
490 490 3.6589595883113338e-05
490 491 -3.6589595883113338e-05
491 491 3.6589595883113338e-05
490 490 3.9651875277925893e-05
490 492 -3.9651875277925893e-05
492 492 3.9651875277925893e-05
491 491 2.2110841969428887e-05
491 492 -2.2110841969428887e-05
492 492 2.2110841969428887e-05
490 490 5.5048424953762289e-05
490 493 -5.5048424953762289e-05
493 493 5.5048424953762289e-05
491 491 6.967673042048034e-05
491 493 -6.967673042048034e-05
493 493 6.967673042048034e-05
492 492 2.398598042352498e-05
492 493 -2.398598042352498e-05
493 493 2.398598042352498e-05
490 490 4.3080827132732858e-05
490 494 -4.3080827132732858e-05
494 494 4.3080827132732858e-05
491 491 2.0483784165299061e-05
491 494 -2.0483784165299061e-05
494 494 2.0483784165299061e-05
492 492 7.6030131241234855e-05
492 494 -7.6030131241234855e-05
494 494 7.6030131241234855e-05
495 495 0.0017531183151541412
495 496 -0.0017531183151541412
496 496 0.0017531183151541412
496 496 3.0694117433926571e-05
496 497 -3.0694117433926571e-05
497 497 3.0694117433926571e-05
495 495 5.4684679782383528e-05
495 498 -5.4684679782383528e-05
498 498 5.4684679782383528e-05
497 497 2.363356584556605e-05
497 498 -2.363356584556605e-05
498 498 2.363356584556605e-05
495 495 9.9868943219537224e-05
495 499 -9.9868943219537224e-05
499 499 9.9868943219537224e-05
497 497 2.5045339939604276e-05
497 499 -2.5045339939604276e-05
499 499 2.5045339939604276e-05
498 498 3.9268893679896738e-05
498 499 -3.9268893679896738e-05
499 499 3.9268893679896738e-05
500 500 3.6059078950734264e-05
500 501 -3.6059078950734264e-05
501 501 3.6059078950734264e-05
502 502 4.9789822531596904e-05
502 503 -4.9789822531596904e-05
503 503 4.9789822531596904e-05
502 502 4.0179674164618576e-05
502 504 -4.0179674164618576e-05
504 504 4.0179674164618576e-05
503 503 3.3668007872341583e-05
503 504 -3.3668007872341583e-05
504 504 3.3668007872341583e-05
505 505 6.7619767984539221e-05
505 506 -6.7619767984539221e-05
506 506 6.7619767984539221e-05
506 506 5.1036581086436873e-05
506 507 -5.1036581086436873e-05
507 507 5.1036581086436873e-05
505 505 3.6719571969330689e-05
505 508 -3.6719571969330689e-05
508 508 3.6719571969330689e-05
506 506 4.8024887644604934e-05
506 508 -4.8024887644604934e-05
508 508 4.8024887644604934e-05
507 507 3.7537760110078663e-05
507 508 -3.7537760110078663e-05
508 508 3.7537760110078663e-05
505 505 3.1786314140212592e-05
505 509 -3.1786314140212592e-05
509 509 3.1786314140212592e-05
506 506 4.8379107852298543e-05
506 509 -4.8379107852298543e-05
509 509 4.8379107852298543e-05
507 507 5.3688360254471225e-05
507 509 -5.3688360254471225e-05
509 509 5.3688360254471225e-05
508 508 2.586422407518887e-05
508 509 -2.586422407518887e-05
509 509 2.586422407518887e-05
505 505 3.2958981461289537e-05
505 510 -3.2958981461289537e-05
510 510 3.2958981461289537e-05
506 506 3.6867685776516775e-05
506 510 -3.6867685776516775e-05
510 510 3.6867685776516775e-05
508 508 0.00012955261883466305
508 510 -0.00012955261883466305
510 510 0.00012955261883466305
511 511 4.6562681131742377e-05
511 513 -4.6562681131742377e-05
513 513 4.6562681131742377e-05
512 512 0.0016581393488172924
512 513 -0.0016581393488172924
513 513 0.0016581393488172924
511 511 6.3287698358622198e-05
511 514 -6.3287698358622198e-05
514 514 6.3287698358622198e-05
512 512 9.5634626920862364e-05
512 514 -9.5634626920862364e-05
514 514 9.5634626920862364e-05
511 511 8.6006346395084413e-05
511 515 -8.6006346395084413e-05
515 515 8.6006346395084413e-05
513 513 3.3388992983719318e-05
513 515 -3.3388992983719318e-05
515 515 3.3388992983719318e-05
514 514 3.7253787471533027e-05
514 515 -3.7253787471533027e-05
515 515 3.7253787471533027e-05
511 511 3.9193080560464518e-05
511 516 -3.9193080560464518e-05
516 516 3.9193080560464518e-05
513 513 8.9087079776384537e-05
513 516 -8.9087079776384537e-05
516 516 8.9087079776384537e-05
514 514 4.7861210565881505e-05
514 516 -4.7861210565881505e-05
516 516 4.7861210565881505e-05
515 515 3.3316381305367635e-05
515 516 -3.3316381305367635e-05
516 516 3.3316381305367635e-05
511 511 4.0913577626135833e-05
511 517 -4.0913577626135833e-05
517 517 4.0913577626135833e-05
513 513 4.0959473816361003e-05
513 517 -4.0959473816361003e-05
517 517 4.0959473816361003e-05
514 514 3.3602911088396677e-05
514 517 -3.3602911088396677e-05
517 517 3.3602911088396677e-05
515 515 4.5842391210288305e-05
515 517 -4.5842391210288305e-05
517 517 4.5842391210288305e-05
516 516 6.1360473495702426e-05
516 517 -6.1360473495702426e-05
517 517 6.1360473495702426e-05
518 518 5.3127048095829079e-05
518 519 -5.3127048095829079e-05
519 519 5.3127048095829079e-05
518 518 4.9852452309622912e-05
518 520 -4.9852452309622912e-05
520 520 4.9852452309622912e-05
519 519 4.4510402555967224e-05
519 520 -4.4510402555967224e-05
520 520 4.4510402555967224e-05
518 518 4.0011019082058681e-05
518 521 -4.0011019082058681e-05
521 521 4.0011019082058681e-05
519 519 6.9660514543636167e-05
519 521 -6.9660514543636167e-05
521 521 6.9660514543636167e-05
520 520 2.782805639102644e-05
520 521 -2.782805639102644e-05
521 521 2.782805639102644e-05
522 522 5.0242262421673907e-05
522 523 -5.0242262421673907e-05
523 523 5.0242262421673907e-05
525 525 8.2365654080343383e-05
525 526 -8.2365654080343383e-05
526 526 8.2365654080343383e-05
525 525 7.8901013183114264e-05
525 527 -7.8901013183114264e-05
527 527 7.8901013183114264e-05
526 526 5.2171094013439095e-05
526 527 -5.2171094013439095e-05
527 527 5.2171094013439095e-05
525 525 0.00012364051768116397
525 528 -0.00012364051768116397
528 528 0.00012364051768116397
526 526 5.4472802893715511e-05
526 528 -5.4472802893715511e-05
528 528 5.4472802893715511e-05
527 527 5.2934621695763831e-05
527 528 -5.2934621695763831e-05
528 528 5.2934621695763831e-05
526 526 8.6875918205372776e-05
526 529 -8.6875918205372776e-05
529 529 8.6875918205372776e-05
528 528 3.5495311010194403e-05
528 529 -3.5495311010194403e-05
529 529 3.5495311010194403e-05
530 530 0.00011547090063704447
530 531 -0.00011547090063704447
531 531 0.00011547090063704447
530 530 0.00011547090064230977
530 532 -0.00011547090064230977
532 532 0.00011547090064230977
531 531 0.00011547344112034325
531 532 -0.00011547344112034325
532 532 0.00011547344112034325
530 530 0.00020000000000943962
530 533 -0.00020000000000943962
533 533 0.00020000000000943962
531 531 0.00020000440015409949
531 533 -0.00020000440015409949
533 533 0.00020000440015409949
532 532 0.00020000440018902367
532 533 -0.00020000440018902367
533 533 0.00020000440018902367
530 530 4.446077822584083e-05
530 534 -4.446077822584083e-05
534 534 4.446077822584083e-05
531 531 6.6496434760702626e-05
531 534 -6.6496434760702626e-05
534 534 6.6496434760702626e-05
530 530 4.8791233116052802e-05
530 535 -4.8791233116052802e-05
535 535 4.8791233116052802e-05
531 531 4.4143891091672903e-05
531 535 -4.4143891091672903e-05
535 535 4.4143891091672903e-05
533 533 4.2391970704816611e-05
533 535 -4.2391970704816611e-05
535 535 4.2391970704816611e-05
534 534 4.1234439893802162e-05
534 535 -4.1234439893802162e-05
535 535 4.1234439893802162e-05
530 530 4.5121518975247621e-05
530 536 -4.5121518975247621e-05
536 536 4.5121518975247621e-05
532 532 6.6158785129118877e-05
532 536 -6.6158785129118877e-05
536 536 6.6158785129118877e-05
534 534 2.6885728164639775e-05
534 536 -2.6885728164639775e-05
536 536 2.6885728164639775e-05
530 530 6.4417920969427772e-05
530 537 -6.4417920969427772e-05
537 537 6.4417920969427772e-05
532 532 4.7184435392288433e-05
532 537 -4.7184435392288433e-05
537 537 4.7184435392288433e-05
535 535 3.9776527889789539e-05
535 537 -3.9776527889789539e-05
537 537 3.9776527889789539e-05
536 536 3.656841675776524e-05
536 537 -3.656841675776524e-05
537 537 3.656841675776524e-05
539 539 5.746372999215955e-05
539 540 -5.746372999215955e-05
540 540 5.746372999215955e-05
539 539 8.3151686367069711e-05
539 541 -8.3151686367069711e-05
541 541 8.3151686367069711e-05
540 540 3.634074873868399e-05
540 541 -3.634074873868399e-05
541 541 3.634074873868399e-05
539 539 6.0131337899002639e-05
539 542 -6.0131337899002639e-05
542 542 6.0131337899002639e-05
540 540 4.2924057838676751e-05
540 542 -4.2924057838676751e-05
542 542 4.2924057838676751e-05
541 541 3.7570391872019034e-05
541 542 -3.7570391872019034e-05
542 542 3.7570391872019034e-05
543 543 2.7406330514499915e-05
543 544 -2.7406330514499915e-05
544 544 2.7406330514499915e-05
543 543 2.5041715821965877e-05
543 545 -2.5041715821965877e-05
545 545 2.5041715821965877e-05
544 544 3.2173881731547393e-05
544 545 -3.2173881731547393e-05
545 545 3.2173881731547393e-05
546 546 8.6360196549292758e-05
546 547 -8.6360196549292758e-05
547 547 8.6360196549292758e-05
546 546 3.7045292779070616e-05
546 548 -3.7045292779070616e-05
548 548 3.7045292779070616e-05
547 547 2.7294119081123692e-05
547 548 -2.7294119081123692e-05
548 548 2.7294119081123692e-05
549 549 6.2667999200960106e-05
549 550 -6.2667999200960106e-05
550 550 6.2667999200960106e-05
549 549 6.1265597868732905e-05
549 551 -6.1265597868732905e-05
551 551 6.1265597868732905e-05
550 550 3.413764943238786e-05
550 551 -3.413764943238786e-05
551 551 3.413764943238786e-05
552 552 0.00012887129363587592
552 553 -0.00012887129363587592
553 553 0.00012887129363587592
552 552 4.2469267310677678e-05
552 554 -4.2469267310677678e-05
554 554 4.2469267310677678e-05
553 553 5.8917481989844526e-05
553 554 -5.8917481989844526e-05
554 554 5.8917481989844526e-05
552 552 4.9190319020367613e-05
552 555 -4.9190319020367613e-05
555 555 4.9190319020367613e-05
553 553 3.8477466527305771e-05
553 555 -3.8477466527305771e-05
555 555 3.8477466527305771e-05
552 552 4.2705720566136996e-05
552 556 -4.2705720566136996e-05
556 556 4.2705720566136996e-05
553 553 4.6885458761364945e-05
553 556 -4.6885458761364945e-05
556 556 4.6885458761364945e-05
554 554 2.9687618041213058e-05
554 556 -2.9687618041213058e-05
556 556 2.9687618041213058e-05
555 555 4.2397518169999856e-05
555 556 -4.2397518169999856e-05
556 556 4.2397518169999856e-05
557 557 2.5456673935177445e-05
557 558 -2.5456673935177445e-05
558 558 2.5456673935177445e-05
560 560 5.1205292257181152e-05
560 561 -5.1205292257181152e-05
561 561 5.1205292257181152e-05
560 560 6.6393763435462281e-05
560 562 -6.6393763435462281e-05
562 562 6.6393763435462281e-05
561 561 4.8433113443425852e-05
561 562 -4.8433113443425852e-05
562 562 4.8433113443425852e-05
560 560 5.5196439213420453e-05
560 563 -5.5196439213420453e-05
563 563 5.5196439213420453e-05
561 561 5.6438043508238262e-05
561 563 -5.6438043508238262e-05
563 563 5.6438043508238262e-05
562 562 3.3501652111189283e-05
562 563 -3.3501652111189283e-05
563 563 3.3501652111189283e-05
561 561 7.0317126351095586e-05
561 564 -7.0317126351095586e-05
564 564 7.0317126351095586e-05
562 562 2.9652267582833492e-05
562 564 -2.9652267582833492e-05
564 564 2.9652267582833492e-05
563 563 3.8560749613417715e-05
563 564 -3.8560749613417715e-05
564 564 3.8560749613417715e-05
560 560 2.9474238787867259e-05
560 565 -2.9474238787867259e-05
565 565 2.9474238787867259e-05
561 561 4.6437627512285626e-05
561 565 -4.6437627512285626e-05
565 565 4.6437627512285626e-05
562 562 4.2701611254437559e-05
562 565 -4.2701611254437559e-05
565 565 4.2701611254437559e-05
564 564 4.1260025434722255e-05
564 565 -4.1260025434722255e-05
565 565 4.1260025434722255e-05
566 566 9.7557956651601443e-05
566 567 -9.7557956651601443e-05
567 567 9.7557956651601443e-05
566 566 5.100847860928958e-05
566 568 -5.100847860928958e-05
568 568 5.100847860928958e-05
567 567 3.5628019543141592e-05
567 568 -3.5628019543141592e-05
568 568 3.5628019543141592e-05
566 566 3.8517707858011278e-05
566 569 -3.8517707858011278e-05
569 569 3.8517707858011278e-05
567 567 5.961115423772554e-05
567 569 -5.961115423772554e-05
569 569 5.961115423772554e-05
568 568 2.5621085196592041e-05
568 569 -2.5621085196592041e-05
569 569 2.5621085196592041e-05
566 566 5.5550659513324237e-05
566 570 -5.5550659513324237e-05
570 570 5.5550659513324237e-05
567 567 5.3691480953916062e-05
567 570 -5.3691480953916062e-05
570 570 5.3691480953916062e-05
568 568 2.7884221009406488e-05
568 570 -2.7884221009406488e-05
570 570 2.7884221009406488e-05
569 569 2.9797188119214565e-05
569 570 -2.9797188119214565e-05
570 570 2.9797188119214565e-05
571 571 5.2001003946631385e-05
571 572 -5.2001003946631385e-05
572 572 5.2001003946631385e-05
571 571 6.0131309321143478e-05
571 573 -6.0131309321143478e-05
573 573 6.0131309321143478e-05
572 572 4.217155566304608e-05
572 573 -4.217155566304608e-05
573 573 4.217155566304608e-05
574 574 6.3064757194723553e-05
574 575 -6.3064757194723553e-05
575 575 6.3064757194723553e-05
576 576 0.0012644620590182402
576 577 -0.0012644620590182402
577 577 0.0012644620590182402
577 577 7.3390479351896664e-05
577 578 -7.3390479351896664e-05
578 578 7.3390479351896664e-05
577 577 0.00011945428857860857
577 579 -0.00011945428857860857
579 579 0.00011945428857860857
578 578 5.4702416356458363e-05
578 579 -5.4702416356458363e-05
579 579 5.4702416356458363e-05
576 576 7.8017654167459184e-05
576 580 -7.8017654167459184e-05
580 580 7.8017654167459184e-05
578 578 9.1879936638363839e-05
578 580 -9.1879936638363839e-05
580 580 9.1879936638363839e-05
581 581 2.6481623085218843e-05
581 582 -2.6481623085218843e-05
582 582 2.6481623085218843e-05
581 581 3.1015250598298942e-05
581 583 -3.1015250598298942e-05
583 583 3.1015250598298942e-05
582 582 4.8712355775935951e-05
582 583 -4.8712355775935951e-05
583 583 4.8712355775935951e-05
581 581 6.3758943256567711e-05
581 584 -6.3758943256567711e-05
584 584 6.3758943256567711e-05
582 582 3.6864788445126975e-05
582 584 -3.6864788445126975e-05
584 584 3.6864788445126975e-05
583 583 3.2421262403715686e-05
583 584 -3.2421262403715686e-05
584 584 3.2421262403715686e-05
581 581 2.1432171280077009e-05
581 585 -2.1432171280077009e-05
585 585 2.1432171280077009e-05
582 582 2.9590409969086887e-05
582 585 -2.9590409969086887e-05
585 585 2.9590409969086887e-05
583 583 5.950212386741789e-05
583 585 -5.950212386741789e-05
585 585 5.950212386741789e-05
586 586 2.0519149760505949e-05
586 587 -2.0519149760505949e-05
587 587 2.0519149760505949e-05
586 586 3.5842420766550034e-05
586 588 -3.5842420766550034e-05
588 588 3.5842420766550034e-05
587 587 2.0425881825793015e-05
587 588 -2.0425881825793015e-05
588 588 2.0425881825793015e-05
586 586 2.5023242602937323e-05
586 589 -2.5023242602937323e-05
589 589 2.5023242602937323e-05
587 587 4.5268136473037916e-05
587 589 -4.5268136473037916e-05
589 589 4.5268136473037916e-05
588 588 1.8972526621255051e-05
588 589 -1.8972526621255051e-05
589 589 1.8972526621255051e-05
591 591 3.4041926398587658e-05
591 592 -3.4041926398587658e-05
592 592 3.4041926398587658e-05
593 593 4.3839026792837227e-05
593 594 -4.3839026792837227e-05
594 594 4.3839026792837227e-05
595 595 0.0003984583580408593
595 596 -0.0003984583580408593
596 596 0.0003984583580408593
596 596 8.5809454830450448e-05
596 597 -8.5809454830450448e-05
597 597 8.5809454830450448e-05
595 595 7.4508203486253521e-05
595 598 -7.4508203486253521e-05
598 598 7.4508203486253521e-05
595 595 6.7535852941909941e-05
595 599 -6.7535852941909941e-05
599 599 6.7535852941909941e-05
598 598 9.9705411739832233e-05
598 599 -9.9705411739832233e-05
599 599 9.9705411739832233e-05
600 600 5.5730660288981115e-05
600 601 -5.5730660288981115e-05
601 601 5.5730660288981115e-05
600 600 3.8590660615210391e-05
600 602 -3.8590660615210391e-05
602 602 3.8590660615210391e-05
601 601 3.4641315210777675e-05
601 602 -3.4641315210777675e-05
602 602 3.4641315210777675e-05
600 600 2.3354541380339901e-05
600 603 -2.3354541380339901e-05
603 603 2.3354541380339901e-05
601 601 3.5394643111418659e-05
601 603 -3.5394643111418659e-05
603 603 3.5394643111418659e-05
602 602 2.9588801314065492e-05
602 603 -2.9588801314065492e-05
603 603 2.9588801314065492e-05
604 604 6.0869398545809456e-05
604 605 -6.0869398545809456e-05
605 605 6.0869398545809456e-05
604 604 3.5677812278818688e-05
604 606 -3.5677812278818688e-05
606 606 3.5677812278818688e-05
605 605 3.4118699644102881e-05
605 606 -3.4118699644102881e-05
606 606 3.4118699644102881e-05
604 604 3.6241924479452431e-05
604 607 -3.6241924479452431e-05
607 607 3.6241924479452431e-05
605 605 6.0100614429511282e-05
605 607 -6.0100614429511282e-05
607 607 6.0100614429511282e-05
606 606 4.7987112967543279e-05
606 607 -4.7987112967543279e-05
607 607 4.7987112967543279e-05
608 608 3.3581993875867174e-05
608 609 -3.3581993875867174e-05
609 609 3.3581993875867174e-05
610 610 8.2990044330081113e-05
610 611 -8.2990044330081113e-05
611 611 8.2990044330081113e-05
610 610 7.6159037365217393e-05
610 612 -7.6159037365217393e-05
612 612 7.6159037365217393e-05
611 611 5.1101361269328002e-05
611 612 -5.1101361269328002e-05
612 612 5.1101361269328002e-05
610 610 5.2608691954295777e-05
610 613 -5.2608691954295777e-05
613 613 5.2608691954295777e-05
611 611 5.2858512953387924e-05
611 613 -5.2858512953387924e-05
613 613 5.2858512953387924e-05
612 612 9.7516647979803474e-05
612 613 -9.7516647979803474e-05
613 613 9.7516647979803474e-05
614 614 9.659256964293986e-05
614 615 -9.659256964293986e-05
615 615 9.659256964293986e-05
614 614 5.6096251824344078e-05
614 616 -5.6096251824344078e-05
616 616 5.6096251824344078e-05
615 615 4.0004875892120517e-05
615 616 -4.0004875892120517e-05
616 616 4.0004875892120517e-05
614 614 5.1188017395626476e-05
614 617 -5.1188017395626476e-05
617 617 5.1188017395626476e-05
615 615 7.5379665014309189e-05
615 617 -7.5379665014309189e-05
617 617 7.5379665014309189e-05
614 614 3.4699137823834045e-05
614 618 -3.4699137823834045e-05
618 618 3.4699137823834045e-05
615 615 3.8190146046389594e-05
615 618 -3.8190146046389594e-05
618 618 3.8190146046389594e-05
616 616 4.0809206034079028e-05
616 618 -4.0809206034079028e-05
618 618 4.0809206034079028e-05
615 615 5.8564818190972077e-05
615 619 -5.8564818190972077e-05
619 619 5.8564818190972077e-05
616 616 2.5044699255321407e-05
616 619 -2.5044699255321407e-05
619 619 2.5044699255321407e-05
617 617 5.6840497117636109e-05
617 619 -5.6840497117636109e-05
619 619 5.6840497117636109e-05
618 618 3.3227326683847331e-05
618 619 -3.3227326683847331e-05
619 619 3.3227326683847331e-05
620 620 5.1464066639806683e-05
620 621 -5.1464066639806683e-05
621 621 5.1464066639806683e-05
622 622 3.350712264930099e-05
622 623 -3.350712264930099e-05
623 623 3.350712264930099e-05
624 624 4.0741791895939239e-05
624 626 -4.0741791895939239e-05
626 626 4.0741791895939239e-05
625 625 5.2857928782179738e-05
625 626 -5.2857928782179738e-05
626 626 5.2857928782179738e-05
624 624 4.1803375913072283e-05
624 627 -4.1803375913072283e-05
627 627 4.1803375913072283e-05
625 625 3.6748084875037142e-05
625 627 -3.6748084875037142e-05
627 627 3.6748084875037142e-05
626 626 9.6648165527860597e-05
626 627 -9.6648165527860597e-05
627 627 9.6648165527860597e-05
624 624 4.8762965685261714e-05
624 628 -4.8762965685261714e-05
628 628 4.8762965685261714e-05
625 625 0.00038827256793326828
625 628 -0.00038827256793326828
628 628 0.00038827256793326828
624 624 5.9003273427277982e-05
624 629 -5.9003273427277982e-05
629 629 5.9003273427277982e-05
626 626 4.1333241712620797e-05
626 629 -4.1333241712620797e-05
629 629 4.1333241712620797e-05
627 627 3.3258436327932389e-05
627 629 -3.3258436327932389e-05
629 629 3.3258436327932389e-05
628 628 0.00015486391787580082
628 629 -0.00015486391787580082
629 629 0.00015486391787580082
630 630 5.7096615605663176e-05
630 631 -5.7096615605663176e-05
631 631 5.7096615605663176e-05
630 630 2.589535170790626e-05
630 632 -2.589535170790626e-05
632 632 2.589535170790626e-05
631 631 3.7024498503932967e-05
631 632 -3.7024498503932967e-05
632 632 3.7024498503932967e-05
633 633 0.00010086067676914297
633 634 -0.00010086067676914297
634 634 0.00010086067676914297
633 633 5.0019335141416711e-05
633 635 -5.0019335141416711e-05
635 635 5.0019335141416711e-05
634 634 5.6694387789095726e-05
634 635 -5.6694387789095726e-05
635 635 5.6694387789095726e-05
636 636 4.7952887887839956e-05
636 637 -4.7952887887839956e-05
637 637 4.7952887887839956e-05
636 636 5.5914274689747497e-05
636 638 -5.5914274689747497e-05
638 638 5.5914274689747497e-05
637 637 4.4053706569761108e-05
637 638 -4.4053706569761108e-05
638 638 4.4053706569761108e-05
636 636 3.0429629917095803e-05
636 639 -3.0429629917095803e-05
639 639 3.0429629917095803e-05
637 637 6.8683569254506617e-05
637 639 -6.8683569254506617e-05
639 639 6.8683569254506617e-05
636 636 7.8874865021904357e-05
636 640 -7.8874865021904357e-05
640 640 7.8874865021904357e-05
638 638 3.6432167920891201e-05
638 640 -3.6432167920891201e-05
640 640 3.6432167920891201e-05
641 641 9.1973304396983499e-05
641 642 -9.1973304396983499e-05
642 642 9.1973304396983499e-05
641 641 0.00014901341350187156
641 643 -0.00014901341350187156
643 643 0.00014901341350187156
642 642 5.8587586036518467e-05
642 643 -5.8587586036518467e-05
643 643 5.8587586036518467e-05
641 641 7.6875961763334742e-05
641 644 -7.6875961763334742e-05
644 644 7.6875961763334742e-05
642 642 5.9204498138952665e-05
642 644 -5.9204498138952665e-05
644 644 5.9204498138952665e-05
643 643 5.7825688067671615e-05
643 644 -5.7825688067671615e-05
644 644 5.7825688067671615e-05
641 641 4.4964428346264158e-05
641 645 -4.4964428346264158e-05
645 645 4.4964428346264158e-05
642 642 7.2109700155898953e-05
642 645 -7.2109700155898953e-05
645 645 7.2109700155898953e-05
643 643 3.7883283941823182e-05
643 645 -3.7883283941823182e-05
645 645 3.7883283941823182e-05
646 646 4.3961751066036351e-05
646 647 -4.3961751066036351e-05
647 647 4.3961751066036351e-05
646 646 3.4181499906330731e-05
646 648 -3.4181499906330731e-05
648 648 3.4181499906330731e-05
647 647 7.6936119464721315e-05
647 648 -7.6936119464721315e-05
648 648 7.6936119464721315e-05
646 646 5.5331887128104107e-05
646 649 -5.5331887128104107e-05
649 649 5.5331887128104107e-05
647 647 3.5928717726986776e-05
647 649 -3.5928717726986776e-05
649 649 3.5928717726986776e-05
648 648 2.5397952742740727e-05
648 649 -2.5397952742740727e-05
649 649 2.5397952742740727e-05
650 650 3.5031606137099291e-05
650 651 -3.5031606137099291e-05
651 651 3.5031606137099291e-05
652 652 3.6915246772884951e-05
652 653 -3.6915246772884951e-05
653 653 3.6915246772884951e-05
652 652 3.798347240485939e-05
652 654 -3.798347240485939e-05
654 654 3.798347240485939e-05
653 653 2.8968207899160548e-05
653 654 -2.8968207899160548e-05
654 654 2.8968207899160548e-05
655 655 2.7703536021216758e-05
655 656 -2.7703536021216758e-05
656 656 2.7703536021216758e-05
655 655 2.3980326962376384e-05
655 657 -2.3980326962376384e-05
657 657 2.3980326962376384e-05
656 656 3.9945419614688372e-05
656 657 -3.9945419614688372e-05
657 657 3.9945419614688372e-05
658 658 0.00012390120476775447
658 659 -0.00012390120476775447
659 659 0.00012390120476775447
658 658 7.8822826205899796e-05
658 660 -7.8822826205899796e-05
660 660 7.8822826205899796e-05
659 659 0.00010565375896551958
659 660 -0.00010565375896551958
660 660 0.00010565375896551958
658 658 6.2341061221732983e-05
658 661 -6.2341061221732983e-05
661 661 6.2341061221732983e-05
659 659 4.3882232777898795e-05
659 661 -4.3882232777898795e-05
661 661 4.3882232777898795e-05
659 659 0.00012147023071899087
659 662 -0.00012147023071899087
662 662 0.00012147023071899087
660 660 7.3256783884395279e-05
660 662 -7.3256783884395279e-05
662 662 7.3256783884395279e-05
661 661 3.3837331761856182e-05
661 662 -3.3837331761856182e-05
662 662 3.3837331761856182e-05
658 658 8.9563131080853836e-05
658 663 -8.9563131080853836e-05
663 663 8.9563131080853836e-05
659 659 6.0971129801314936e-05
659 663 -6.0971129801314936e-05
663 663 6.0971129801314936e-05
660 660 7.4765154537726318e-05
660 663 -7.4765154537726318e-05
663 663 7.4765154537726318e-05
661 661 4.6061769372849397e-05
661 663 -4.6061769372849397e-05
663 663 4.6061769372849397e-05
664 664 9.0784227201650333e-05
664 665 -9.0784227201650333e-05
665 665 9.0784227201650333e-05
666 666 4.7476968316559169e-05
666 667 -4.7476968316559169e-05
667 667 4.7476968316559169e-05
666 666 4.5819267291816281e-05
666 668 -4.5819267291816281e-05
668 668 4.5819267291816281e-05
666 666 4.4029204510325329e-05
666 669 -4.4029204510325329e-05
669 669 4.4029204510325329e-05
667 667 3.1670317760241324e-05
667 669 -3.1670317760241324e-05
669 669 3.1670317760241324e-05
668 668 2.9039947016829225e-05
668 669 -2.9039947016829225e-05
669 669 2.9039947016829225e-05
666 666 4.8176907081915596e-05
666 670 -4.8176907081915596e-05
670 670 4.8176907081915596e-05
667 667 5.9922151768558258e-05
667 670 -5.9922151768558258e-05
670 670 5.9922151768558258e-05
668 668 2.4525500351357795e-05
668 670 -2.4525500351357795e-05
670 670 2.4525500351357795e-05
669 669 5.9496411730434165e-05
669 670 -5.9496411730434165e-05
670 670 5.9496411730434165e-05
671 671 3.4443011647200323e-05
671 672 -3.4443011647200323e-05
672 672 3.4443011647200323e-05
673 673 6.5381418450434354e-05
673 674 -6.5381418450434354e-05
674 674 6.5381418450434354e-05
673 673 4.111970143931202e-05
673 675 -4.111970143931202e-05
675 675 4.111970143931202e-05
674 674 5.2597757168086196e-05
674 675 -5.2597757168086196e-05
675 675 5.2597757168086196e-05
673 673 0.00010816262410792777
673 676 -0.00010816262410792777
676 676 0.00010816262410792777
675 675 3.4659841097678981e-05
675 676 -3.4659841097678981e-05
676 676 3.4659841097678981e-05
675 675 0.00011953378229817869
675 677 -0.00011953378229817869
677 677 0.00011953378229817869
678 678 9.4213916182479845e-05
678 679 -9.4213916182479845e-05
679 679 9.4213916182479845e-05
678 678 7.966177760293111e-05
678 680 -7.966177760293111e-05
680 680 7.966177760293111e-05
679 679 6.2810638770377348e-05
679 680 -6.2810638770377348e-05
680 680 6.2810638770377348e-05
678 678 5.1180280835988173e-05
678 681 -5.1180280835988173e-05
681 681 5.1180280835988173e-05
680 680 3.5565698789513479e-05
680 681 -3.5565698789513479e-05
681 681 3.5565698789513479e-05
682 682 0.00023271333181820869
682 683 -0.00023271333181820869
683 683 0.00023271333181820869
682 682 6.1717181659482642e-05
682 684 -6.1717181659482642e-05
684 684 6.1717181659482642e-05
683 683 7.279780933650118e-05
683 684 -7.279780933650118e-05
684 684 7.279780933650118e-05
683 683 5.0589167975800214e-05
683 685 -5.0589167975800214e-05
685 685 5.0589167975800214e-05
684 684 0.00010538189597692568
684 685 -0.00010538189597692568
685 685 0.00010538189597692568
682 682 4.6745767299243783e-05
682 686 -4.6745767299243783e-05
686 686 4.6745767299243783e-05
683 683 4.8387096415663345e-05
683 686 -4.8387096415663345e-05
686 686 4.8387096415663345e-05
684 684 0.00010130628721410089
684 686 -0.00010130628721410089
686 686 0.00010130628721410089
685 685 5.8705302893562677e-05
685 686 -5.8705302893562677e-05
686 686 5.8705302893562677e-05
682 682 0.00015599155425917804
682 687 -0.00015599155425917804
687 687 0.00015599155425917804
683 683 0.00010143333203465649
683 687 -0.00010143333203465649
687 687 0.00010143333203465649
688 688 5.9764025845196743e-05
688 689 -5.9764025845196743e-05
689 689 5.9764025845196743e-05
688 688 3.4316908484098769e-05
688 690 -3.4316908484098769e-05
690 690 3.4316908484098769e-05
689 689 6.4543350769532935e-05
689 690 -6.4543350769532935e-05
690 690 6.4543350769532935e-05
688 688 9.1588962758916119e-05
688 691 -9.1588962758916119e-05
691 691 9.1588962758916119e-05
689 689 9.1248361827234154e-05
689 692 -9.1248361827234154e-05
692 692 9.1248361827234154e-05
690 690 6.5724159159963674e-05
690 692 -6.5724159159963674e-05
692 692 6.5724159159963674e-05
693 693 6.2195564333972968e-05
693 694 -6.2195564333972968e-05
694 694 6.2195564333972968e-05
693 693 4.2947158234825884e-05
693 695 -4.2947158234825884e-05
695 695 4.2947158234825884e-05
694 694 9.8686702868417396e-05
694 695 -9.8686702868417396e-05
695 695 9.8686702868417396e-05
696 696 4.2192110280976495e-05
696 697 -4.2192110280976495e-05
697 697 4.2192110280976495e-05
696 696 0.00011198955608030691
696 698 -0.00011198955608030691
698 698 0.00011198955608030691
697 697 3.2350400753704622e-05
697 698 -3.2350400753704622e-05
698 698 3.2350400753704622e-05
699 699 5.0921990982633548e-05
699 700 -5.0921990982633548e-05
700 700 5.0921990982633548e-05
699 699 4.8429046564800227e-05
699 701 -4.8429046564800227e-05
701 701 4.8429046564800227e-05
700 700 3.1210959174524469e-05
700 701 -3.1210959174524469e-05
701 701 3.1210959174524469e-05
702 702 2.6471906462128395e-05
702 703 -2.6471906462128395e-05
703 703 2.6471906462128395e-05
703 703 5.649566825492963e-05
703 704 -5.649566825492963e-05
704 704 5.649566825492963e-05
702 702 2.5115559921953135e-05
702 705 -2.5115559921953135e-05
705 705 2.5115559921953135e-05
703 703 3.8717522689972747e-05
703 705 -3.8717522689972747e-05
705 705 3.8717522689972747e-05
704 704 2.9943710488943592e-05
704 705 -2.9943710488943592e-05
705 705 2.9943710488943592e-05
702 702 2.1107978904457144e-05
702 706 -2.1107978904457144e-05
706 706 2.1107978904457144e-05
703 703 4.9062908803286842e-05
703 706 -4.9062908803286842e-05
706 706 4.9062908803286842e-05
704 704 4.0094636919858982e-05
704 706 -4.0094636919858982e-05
706 706 4.0094636919858982e-05
707 707 5.3825593189572617e-05
707 708 -5.3825593189572617e-05
708 708 5.3825593189572617e-05
707 707 6.7613389396238918e-05
707 709 -6.7613389396238918e-05
709 709 6.7613389396238918e-05
708 708 4.5321523233613983e-05
708 709 -4.5321523233613983e-05
709 709 4.5321523233613983e-05
707 707 4.426254984022663e-05
707 710 -4.426254984022663e-05
710 710 4.426254984022663e-05
708 708 4.4981217144938276e-05
708 710 -4.4981217144938276e-05
710 710 4.4981217144938276e-05
709 709 2.7884780362106286e-05
709 710 -2.7884780362106286e-05
710 710 2.7884780362106286e-05
707 707 3.1661168498938761e-05
707 711 -3.1661168498938761e-05
711 711 3.1661168498938761e-05
708 708 5.430435509000452e-05
708 711 -5.430435509000452e-05
711 711 5.430435509000452e-05
710 710 5.6345661191525464e-05
710 711 -5.6345661191525464e-05
711 711 5.6345661191525464e-05
712 712 0.00012047022407599111
712 713 -0.00012047022407599111
713 713 0.00012047022407599111
712 712 0.00025545566002418816
712 714 -0.00025545566002418816
714 714 0.00025545566002418816
713 713 9.7798660727165635e-05
713 714 -9.7798660727165635e-05
714 714 9.7798660727165635e-05
712 712 6.9786365457264561e-05
712 715 -6.9786365457264561e-05
715 715 6.9786365457264561e-05
713 713 9.6984894467332997e-05
713 715 -9.6984894467332997e-05
715 715 9.6984894467332997e-05
717 717 6.2616570516000583e-05
717 718 -6.2616570516000583e-05
718 718 6.2616570516000583e-05
717 717 7.5785961291866387e-05
717 719 -7.5785961291866387e-05
719 719 7.5785961291866387e-05
718 718 0.00010165428350011627
718 719 -0.00010165428350011627
719 719 0.00010165428350011627
720 720 0.00014369854033011365
720 721 -0.00014369854033011365
721 721 0.00014369854033011365
720 720 0.00015752928903091148
720 722 -0.00015752928903091148
722 722 0.00015752928903091148
721 721 0.00014694464879639357
721 722 -0.00014694464879639357
722 722 0.00014694464879639357
720 720 0.00013805632923408781
720 723 -0.00013805632923408781
723 723 0.00013805632923408781
721 721 8.3908959195592837e-05
721 723 -8.3908959195592837e-05
723 723 8.3908959195592837e-05
722 722 0.00016411962984710197
722 723 -0.00016411962984710197
723 723 0.00016411962984710197
720 720 6.4939970780533498e-05
720 724 -6.4939970780533498e-05
724 724 6.4939970780533498e-05
721 721 9.7297962252531196e-05
721 724 -9.7297962252531196e-05
724 724 9.7297962252531196e-05
722 722 9.7384974624799067e-05
722 724 -9.7384974624799067e-05
724 724 9.7384974624799067e-05
721 721 0.00011963917196663659
721 725 -0.00011963917196663659
725 725 0.00011963917196663659
722 722 7.1214072048295714e-05
722 725 -7.1214072048295714e-05
725 725 7.1214072048295714e-05
724 724 9.8825124619829704e-05
724 725 -9.8825124619829704e-05
725 725 9.8825124619829704e-05
720 720 0.00017527902458698685
720 726 -0.00017527902458698685
726 726 0.00017527902458698685
721 721 9.9284995238108566e-05
721 726 -9.9284995238108566e-05
726 726 9.9284995238108566e-05
723 723 8.1860111941425631e-05
723 726 -8.1860111941425631e-05
726 726 8.1860111941425631e-05
724 724 5.0003510529861322e-05
724 726 -5.0003510529861322e-05
726 726 5.0003510529861322e-05
725 725 5.8376397163999793e-05
725 726 -5.8376397163999793e-05
726 726 5.8376397163999793e-05
727 727 5.5179508907990525e-05
727 728 -5.5179508907990525e-05
728 728 5.5179508907990525e-05
727 727 5.1783681718106237e-05
727 729 -5.1783681718106237e-05
729 729 5.1783681718106237e-05
728 728 2.9804307912907033e-05
728 729 -2.9804307912907033e-05
729 729 2.9804307912907033e-05
727 727 4.3937276353552106e-05
727 730 -4.3937276353552106e-05
730 730 4.3937276353552106e-05
728 728 4.2993707453492909e-05
728 730 -4.2993707453492909e-05
730 730 4.2993707453492909e-05
727 727 2.8198795313919777e-05
727 731 -2.8198795313919777e-05
731 731 2.8198795313919777e-05
728 728 3.3304531108424558e-05
728 731 -3.3304531108424558e-05
731 731 3.3304531108424558e-05
729 729 2.9477328845750461e-05
729 731 -2.9477328845750461e-05
731 731 2.9477328845750461e-05
730 730 1.9151153602500816e-05
730 731 -1.9151153602500816e-05
731 731 1.9151153602500816e-05
732 732 6.8146078925538666e-05
732 733 -6.8146078925538666e-05
733 733 6.8146078925538666e-05
732 732 5.686368598108443e-05
732 734 -5.686368598108443e-05
734 734 5.686368598108443e-05
733 733 3.831415131034148e-05
733 734 -3.831415131034148e-05
734 734 3.831415131034148e-05
735 735 3.9440910525203841e-05
735 736 -3.9440910525203841e-05
736 736 3.9440910525203841e-05
735 735 6.7878782501695157e-05
735 737 -6.7878782501695157e-05
737 737 6.7878782501695157e-05
736 736 3.5143792457976849e-05
736 737 -3.5143792457976849e-05
737 737 3.5143792457976849e-05
735 735 0.00029960183482243382
735 738 -0.00029960183482243382
738 738 0.00029960183482243382
737 737 6.2248952966641015e-05
737 738 -6.2248952966641015e-05
738 738 6.2248952966641015e-05
735 735 3.3463651153632961e-05
735 739 -3.3463651153632961e-05
739 739 3.3463651153632961e-05
736 736 5.4503085678022351e-05
736 739 -5.4503085678022351e-05
739 739 5.4503085678022351e-05
737 737 2.4998142520463808e-05
737 739 -2.4998142520463808e-05
739 739 2.4998142520463808e-05
740 740 8.1899840345596572e-05
740 741 -8.1899840345596572e-05
741 741 8.1899840345596572e-05
740 740 9.3033008817217574e-05
740 742 -9.3033008817217574e-05
742 742 9.3033008817217574e-05
741 741 4.7975179509233813e-05
741 742 -4.7975179509233813e-05
742 742 4.7975179509233813e-05
740 740 6.5932530417021237e-05
740 743 -6.5932530417021237e-05
743 743 6.5932530417021237e-05
741 741 0.00011359220842787857
741 743 -0.00011359220842787857
743 743 0.00011359220842787857
740 740 5.9463045782835479e-05
740 744 -5.9463045782835479e-05
744 744 5.9463045782835479e-05
741 741 3.5822587784714818e-05
741 744 -3.5822587784714818e-05
744 744 3.5822587784714818e-05
742 742 5.3643075752583671e-05
742 744 -5.3643075752583671e-05
744 744 5.3643075752583671e-05
743 743 3.7627178441306786e-05
743 744 -3.7627178441306786e-05
744 744 3.7627178441306786e-05
740 740 5.2440522438681529e-05
740 745 -5.2440522438681529e-05
745 745 5.2440522438681529e-05
742 742 8.6331629473445086e-05
742 745 -8.6331629473445086e-05
745 745 8.6331629473445086e-05
744 744 6.629085134761055e-05
744 745 -6.629085134761055e-05
745 745 6.629085134761055e-05
746 746 4.2613775678635981e-05
746 747 -4.2613775678635981e-05
747 747 4.2613775678635981e-05
746 746 5.9312018069050702e-05
746 748 -5.9312018069050702e-05
748 748 5.9312018069050702e-05
747 747 8.5742229047394732e-05
747 748 -8.5742229047394732e-05
748 748 8.5742229047394732e-05
746 746 2.9859435877198951e-05
746 749 -2.9859435877198951e-05
749 749 2.9859435877198951e-05
747 747 4.049899904051426e-05
747 749 -4.049899904051426e-05
749 749 4.049899904051426e-05
748 748 5.4123909400846602e-05
748 749 -5.4123909400846602e-05
749 749 5.4123909400846602e-05
746 746 0.00018888452483612178
746 750 -0.00018888452483612178
750 750 0.00018888452483612178
747 747 4.0483363186598693e-05
747 750 -4.0483363186598693e-05
750 750 4.0483363186598693e-05
748 748 4.9071433920929873e-05
748 750 -4.9071433920929873e-05
750 750 4.9071433920929873e-05
747 747 5.6445848843809051e-05
747 751 -5.6445848843809051e-05
751 751 5.6445848843809051e-05
748 748 4.93346603960843e-05
748 751 -4.93346603960843e-05
751 751 4.93346603960843e-05
749 749 6.3848378282587914e-05
749 751 -6.3848378282587914e-05
751 751 6.3848378282587914e-05
746 746 5.9940895790620106e-05
746 752 -5.9940895790620106e-05
752 752 5.9940895790620106e-05
748 748 5.560437416103409e-05
748 752 -5.560437416103409e-05
752 752 5.560437416103409e-05
749 749 4.0342263920244967e-05
749 752 -4.0342263920244967e-05
752 752 4.0342263920244967e-05
751 751 2.8489228138165499e-05
751 752 -2.8489228138165499e-05
752 752 2.8489228138165499e-05
753 753 5.4275308193733017e-05
753 754 -5.4275308193733017e-05
754 754 5.4275308193733017e-05
753 753 2.8545078286879419e-05
753 755 -2.8545078286879419e-05
755 755 2.8545078286879419e-05
754 754 3.6598715535290813e-05
754 755 -3.6598715535290813e-05
755 755 3.6598715535290813e-05
753 753 4.1869447827073739e-05
753 756 -4.1869447827073739e-05
756 756 4.1869447827073739e-05
754 754 3.5327002504604823e-05
754 756 -3.5327002504604823e-05
756 756 3.5327002504604823e-05
755 755 5.1024359807577048e-05
755 756 -5.1024359807577048e-05
756 756 5.1024359807577048e-05
753 753 2.9702654678250811e-05
753 757 -2.9702654678250811e-05
757 757 2.9702654678250811e-05
754 754 6.1874327323317306e-05
754 757 -6.1874327323317306e-05
757 757 6.1874327323317306e-05
755 755 4.4445127165692797e-05
755 757 -4.4445127165692797e-05
757 757 4.4445127165692797e-05
756 756 2.9263324782441105e-05
756 757 -2.9263324782441105e-05
757 757 2.9263324782441105e-05
758 758 2.3718051784485726e-05
758 759 -2.3718051784485726e-05
759 759 2.3718051784485726e-05
758 758 2.2115718135609722e-05
758 760 -2.2115718135609722e-05
760 760 2.2115718135609722e-05
759 759 2.5455169349233261e-05
759 760 -2.5455169349233261e-05
760 760 2.5455169349233261e-05
758 758 2.0474667394710257e-05
758 761 -2.0474667394710257e-05
761 761 2.0474667394710257e-05
759 759 4.6531603767011734e-05
759 761 -4.6531603767011734e-05
761 761 4.6531603767011734e-05
760 760 4.4523579106467743e-05
760 761 -4.4523579106467743e-05
761 761 4.4523579106467743e-05
762 762 0.00011363215237810494
762 763 -0.00011363215237810494
763 763 0.00011363215237810494
762 762 4.7631649371125792e-05
762 764 -4.7631649371125792e-05
764 764 4.7631649371125792e-05
763 763 6.2506761331035908e-05
763 764 -6.2506761331035908e-05
764 764 6.2506761331035908e-05
762 762 0.00011819818624107517
762 765 -0.00011819818624107517
765 765 0.00011819818624107517
763 763 7.0202178545984722e-05
763 765 -7.0202178545984722e-05
765 765 7.0202178545984722e-05
763 763 0.00010463784087980601
763 766 -0.00010463784087980601
766 766 0.00010463784087980601
764 764 5.6674504462961516e-05
764 766 -5.6674504462961516e-05
766 766 5.6674504462961516e-05
765 765 4.6036880855285879e-05
765 766 -4.6036880855285879e-05
766 766 4.6036880855285879e-05
762 762 9.5028631523665175e-05
762 767 -9.5028631523665175e-05
767 767 9.5028631523665175e-05
763 763 5.3232774011819225e-05
763 767 -5.3232774011819225e-05
767 767 5.3232774011819225e-05
764 764 3.8123430265569214e-05
764 767 -3.8123430265569214e-05
767 767 3.8123430265569214e-05
765 765 7.0546997971487863e-05
765 767 -7.0546997971487863e-05
767 767 7.0546997971487863e-05
768 768 4.1680923706765259e-05
768 769 -4.1680923706765259e-05
769 769 4.1680923706765259e-05
768 768 7.2047633810534556e-05
768 770 -7.2047633810534556e-05
770 770 7.2047633810534556e-05
769 769 5.2056961792674614e-05
769 770 -5.2056961792674614e-05
770 770 5.2056961792674614e-05
771 771 3.3601525564644477e-05
771 772 -3.3601525564644477e-05
772 772 3.3601525564644477e-05
771 771 3.9515540847957576e-05
771 773 -3.9515540847957576e-05
773 773 3.9515540847957576e-05
772 772 7.8174111448553024e-05
772 773 -7.8174111448553024e-05
773 773 7.8174111448553024e-05
774 774 3.3686705427689708e-05
774 775 -3.3686705427689708e-05
775 775 3.3686705427689708e-05
774 774 4.1133149255672953e-05
774 776 -4.1133149255672953e-05
776 776 4.1133149255672953e-05
775 775 4.7835417059516444e-05
775 776 -4.7835417059516444e-05
776 776 4.7835417059516444e-05
777 777 3.4133385774093741e-05
777 778 -3.4133385774093741e-05
778 778 3.4133385774093741e-05
780 780 4.0421202763257164e-05
780 781 -4.0421202763257164e-05
781 781 4.0421202763257164e-05
780 780 4.5133001644009611e-05
780 782 -4.5133001644009611e-05
782 782 4.5133001644009611e-05
781 781 3.423257850645601e-05
781 782 -3.423257850645601e-05
782 782 3.423257850645601e-05
783 783 4.0050305635619885e-05
783 784 -4.0050305635619885e-05
784 784 4.0050305635619885e-05
783 783 4.459551697244077e-05
783 785 -4.459551697244077e-05
785 785 4.459551697244077e-05
784 784 3.4462138230319711e-05
784 785 -3.4462138230319711e-05
785 785 3.4462138230319711e-05
786 786 3.359413357046593e-05
786 787 -3.359413357046593e-05
787 787 3.359413357046593e-05
788 788 3.3335695941393027e-05
788 789 -3.3335695941393027e-05
789 789 3.3335695941393027e-05
790 790 5.2644512010977737e-05
790 791 -5.2644512010977737e-05
791 791 5.2644512010977737e-05
793 793 6.1202511345812875e-05
793 794 -6.1202511345812875e-05
794 794 6.1202511345812875e-05
795 795 5.2042202941665833e-05
795 796 -5.2042202941665833e-05
796 796 5.2042202941665833e-05
795 795 3.3606747411235499e-05
795 797 -3.3606747411235499e-05
797 797 3.3606747411235499e-05
796 796 3.9529990014674062e-05
796 797 -3.9529990014674062e-05
797 797 3.9529990014674062e-05
795 795 4.0493763026919263e-05
795 798 -4.0493763026919263e-05
798 798 4.0493763026919263e-05
796 796 3.3472854861535869e-05
796 798 -3.3472854861535869e-05
798 798 3.3472854861535869e-05
797 797 7.2719363862816077e-05
797 798 -7.2719363862816077e-05
798 798 7.2719363862816077e-05
799 799 3.8068225373704828e-05
799 800 -3.8068225373704828e-05
800 800 3.8068225373704828e-05
801 801 6.0128144395137473e-05
801 802 -6.0128144395137473e-05
802 802 6.0128144395137473e-05
801 801 3.3538635521306922e-05
801 803 -3.3538635521306922e-05
803 803 3.3538635521306922e-05
802 802 3.7519783367306459e-05
802 803 -3.7519783367306459e-05
803 803 3.7519783367306459e-05
804 804 7.130192305654743e-05
804 805 -7.130192305654743e-05
805 805 7.130192305654743e-05
804 804 3.3665145171712668e-05
804 806 -3.3665145171712668e-05
806 806 3.3665145171712668e-05
805 805 4.1162043029437418e-05
805 806 -4.1162043029437418e-05
806 806 4.1162043029437418e-05
807 807 5.100789686623084e-05
807 808 -5.100789686623084e-05
808 808 5.100789686623084e-05
807 807 3.536562611270206e-05
807 809 -3.536562611270206e-05
809 809 3.536562611270206e-05
808 808 3.5774121793833604e-05
808 809 -3.5774121793833604e-05
809 809 3.5774121793833604e-05
810 810 3.7477764291554382e-05
810 811 -3.7477764291554382e-05
811 811 3.7477764291554382e-05
812 812 3.7565391329705881e-05
812 813 -3.7565391329705881e-05
813 813 3.7565391329705881e-05
817 817 3.3502063575821926e-05
817 818 -3.3502063575821926e-05
818 818 3.3502063575821926e-05
817 817 4.4461364809062435e-05
817 819 -4.4461364809062435e-05
819 819 4.4461364809062435e-05
818 818 4.543941113316674e-05
818 819 -4.543941113316674e-05
819 819 4.543941113316674e-05
820 820 3.4950060193889142e-05
820 821 -3.4950060193889142e-05
821 821 3.4950060193889142e-05
820 820 3.4227308509964343e-05
820 822 -3.4227308509964343e-05
822 822 3.4227308509964343e-05
821 821 6.544549277553985e-05
821 822 -6.544549277553985e-05
822 822 6.544549277553985e-05
823 823 4.7344782608998141e-05
823 824 -4.7344782608998141e-05
824 824 4.7344782608998141e-05
823 823 3.5438534020516503e-05
823 825 -3.5438534020516503e-05
825 825 3.5438534020516503e-05
824 824 3.6750928113515721e-05
824 825 -3.6750928113515721e-05
825 825 3.6750928113515721e-05
827 827 3.7438143692469994e-05
827 828 -3.7438143692469994e-05
828 828 3.7438143692469994e-05
827 827 3.3333432113934662e-05
827 829 -3.3333432113934662e-05
829 829 3.3333432113934662e-05
828 828 7.2871181667439542e-05
828 829 -7.2871181667439542e-05
829 829 7.2871181667439542e-05
827 827 3.6779973917591527e-05
827 830 -3.6779973917591527e-05
830 830 3.6779973917591527e-05
828 828 4.2252162401608242e-05
828 830 -4.2252162401608242e-05
830 830 4.2252162401608242e-05
829 829 7.9280484023211404e-05
829 830 -7.9280484023211404e-05
830 830 7.9280484023211404e-05
831 831 3.3887761801398794e-05
831 832 -3.3887761801398794e-05
832 832 3.3887761801398794e-05
831 831 3.4237593416963122e-05
831 833 -3.4237593416963122e-05
833 833 3.4237593416963122e-05
832 832 8.334057627382396e-05
832 833 -8.334057627382396e-05
833 833 8.334057627382396e-05
834 834 3.8256770224596858e-05
834 835 -3.8256770224596858e-05
835 835 3.8256770224596858e-05
837 837 3.4384813915764113e-05
837 838 -3.4384813915764113e-05
838 838 3.4384813915764113e-05
837 837 4.8871424106332125e-05
837 839 -4.8871424106332125e-05
839 839 4.8871424106332125e-05
838 838 3.8038105410398005e-05
838 839 -3.8038105410398005e-05
839 839 3.8038105410398005e-05
837 837 4.614909803823364e-05
837 840 -4.614909803823364e-05
840 840 4.614909803823364e-05
838 838 6.7588770394577089e-05
838 840 -6.7588770394577089e-05
840 840 6.7588770394577089e-05
839 839 3.3336194002128883e-05
839 840 -3.3336194002128883e-05
840 840 3.3336194002128883e-05
842 842 3.7266802204109955e-05
842 843 -3.7266802204109955e-05
843 843 3.7266802204109955e-05
842 842 3.6860258718146681e-05
842 844 -3.6860258718146681e-05
844 844 3.6860258718146681e-05
843 843 4.2398716287197703e-05
843 844 -4.2398716287197703e-05
844 844 4.2398716287197703e-05
845 845 8.9326426018282261e-05
845 846 -8.9326426018282261e-05
846 846 8.9326426018282261e-05
845 845 5.5573937124082461e-05
845 847 -5.5573937124082461e-05
847 847 5.5573937124082461e-05
845 845 5.7986723107240579e-05
845 848 -5.7986723107240579e-05
848 848 5.7986723107240579e-05
846 846 4.6477283925026098e-05
846 848 -4.6477283925026098e-05
848 848 4.6477283925026098e-05
847 847 4.9482947806493824e-05
847 848 -4.9482947806493824e-05
848 848 4.9482947806493824e-05
849 849 3.7923025658915655e-05
849 850 -3.7923025658915655e-05
850 850 3.7923025658915655e-05
849 849 4.2962436636621959e-05
849 851 -4.2962436636621959e-05
851 851 4.2962436636621959e-05
850 850 2.053489534228729e-05
850 851 -2.053489534228729e-05
851 851 2.053489534228729e-05
851 851 3.3443978454501305e-05
851 852 -3.3443978454501305e-05
852 852 3.3443978454501305e-05
849 849 2.88190659089799e-05
849 853 -2.88190659089799e-05
853 853 2.88190659089799e-05
850 850 2.2170582330184158e-05
850 853 -2.2170582330184158e-05
853 853 2.2170582330184158e-05
851 851 3.1312485361723151e-05
851 853 -3.1312485361723151e-05
853 853 3.1312485361723151e-05
849 849 6.8670828118094963e-05
849 854 -6.8670828118094963e-05
854 854 6.8670828118094963e-05
850 850 3.104603422366235e-05
850 854 -3.104603422366235e-05
854 854 3.104603422366235e-05
852 852 0.00033058343577509224
852 854 -0.00033058343577509224
854 854 0.00033058343577509224
855 855 3.1458399081273612e-05
855 856 -3.1458399081273612e-05
856 856 3.1458399081273612e-05
857 857 4.6373670027657392e-05
857 858 -4.6373670027657392e-05
858 858 4.6373670027657392e-05
857 857 9.4228913985789498e-05
857 859 -9.4228913985789498e-05
859 859 9.4228913985789498e-05
858 858 3.6396094578446368e-05
858 859 -3.6396094578446368e-05
859 859 3.6396094578446368e-05
857 857 4.025422051958655e-05
857 860 -4.025422051958655e-05
860 860 4.025422051958655e-05
858 858 5.8085901642978267e-05
858 860 -5.8085901642978267e-05
860 860 5.8085901642978267e-05
859 859 4.267640434042631e-05
859 860 -4.267640434042631e-05
860 860 4.267640434042631e-05
858 858 0.00018950971709575062
858 861 -0.00018950971709575062
861 861 0.00018950971709575062
860 860 6.1789572626826992e-05
860 861 -6.1789572626826992e-05
861 861 6.1789572626826992e-05
857 857 8.9100151117855518e-05
857 862 -8.9100151117855518e-05
862 862 8.9100151117855518e-05
858 858 3.4730704057431321e-05
858 862 -3.4730704057431321e-05
862 862 3.4730704057431321e-05
859 859 5.1002554740077642e-05
859 862 -5.1002554740077642e-05
862 862 5.1002554740077642e-05
857 857 4.5395942483080046e-05
857 863 -4.5395942483080046e-05
863 863 4.5395942483080046e-05
858 858 7.2014237310695243e-05
858 863 -7.2014237310695243e-05
863 863 7.2014237310695243e-05
860 860 3.3121321800044121e-05
860 863 -3.3121321800044121e-05
863 863 3.3121321800044121e-05
861 861 5.508237079744252e-05
861 863 -5.508237079744252e-05
863 863 5.508237079744252e-05
862 862 4.282646139431479e-05
862 863 -4.282646139431479e-05
863 863 4.282646139431479e-05
864 864 7.8911753434103901e-05
864 865 -7.8911753434103901e-05
865 865 7.8911753434103901e-05
864 864 6.2246930021410876e-05
864 866 -6.2246930021410876e-05
866 866 6.2246930021410876e-05
864 864 5.5408513869217742e-05
864 867 -5.5408513869217742e-05
867 867 5.5408513869217742e-05
865 865 3.4666835947410533e-05
865 867 -3.4666835947410533e-05
867 867 3.4666835947410533e-05
866 866 5.7804076496128053e-05
866 867 -5.7804076496128053e-05
867 867 5.7804076496128053e-05
868 868 3.3699790285751679e-05
868 869 -3.3699790285751679e-05
869 869 3.3699790285751679e-05
868 868 2.9899831814448741e-05
868 870 -2.9899831814448741e-05
870 870 2.9899831814448741e-05
869 869 2.8401072219204871e-05
869 870 -2.8401072219204871e-05
870 870 2.8401072219204871e-05
868 868 2.4034038188742811e-05
868 871 -2.4034038188742811e-05
871 871 2.4034038188742811e-05
869 869 5.2590443193507511e-05
869 871 -5.2590443193507511e-05
871 871 5.2590443193507511e-05
870 870 3.4911471710125298e-05
870 871 -3.4911471710125298e-05
871 871 3.4911471710125298e-05
872 872 3.1468549216787078e-05
872 873 -3.1468549216787078e-05
873 873 3.1468549216787078e-05
874 874 8.9907145637429164e-05
874 875 -8.9907145637429164e-05
875 875 8.9907145637429164e-05
874 874 4.2520697043358247e-05
874 876 -4.2520697043358247e-05
876 876 4.2520697043358247e-05
875 875 7.2198126484532797e-05
875 876 -7.2198126484532797e-05
876 876 7.2198126484532797e-05
874 874 6.818577476616107e-05
874 877 -6.818577476616107e-05
877 877 6.818577476616107e-05
875 875 6.8382949915870962e-05
875 877 -6.8382949915870962e-05
877 877 6.8382949915870962e-05
876 876 5.9312893329032286e-05
876 877 -5.9312893329032286e-05
877 877 5.9312893329032286e-05
874 874 7.5755308029272088e-05
874 878 -7.5755308029272088e-05
878 878 7.5755308029272088e-05
875 875 6.7170290512477324e-05
875 878 -6.7170290512477324e-05
878 878 6.7170290512477324e-05
877 877 3.7900392578151742e-05
877 878 -3.7900392578151742e-05
878 878 3.7900392578151742e-05
874 874 0.00016349313130598585
874 879 -0.00016349313130598585
879 879 0.00016349313130598585
875 875 6.6305692520483297e-05
875 879 -6.6305692520483297e-05
879 879 6.6305692520483297e-05
876 876 3.9958405880700759e-05
876 879 -3.9958405880700759e-05
879 879 3.9958405880700759e-05
877 877 8.4126024134157686e-05
877 879 -8.4126024134157686e-05
879 879 8.4126024134157686e-05
880 880 2.9587252411776586e-05
880 881 -2.9587252411776586e-05
881 881 2.9587252411776586e-05
880 880 1.5616631973784533e-05
880 882 -1.5616631973784533e-05
882 882 1.5616631973784533e-05
881 881 2.5288768878775551e-05
881 882 -2.5288768878775551e-05
882 882 2.5288768878775551e-05
883 883 2.4886412883679844e-05
883 884 -2.4886412883679844e-05
884 884 2.4886412883679844e-05
883 883 2.9992986933146691e-05
883 885 -2.9992986933146691e-05
885 885 2.9992986933146691e-05
884 884 2.8518316277686421e-05
884 885 -2.8518316277686421e-05
885 885 2.8518316277686421e-05
883 883 3.7292016586318454e-05
883 886 -3.7292016586318454e-05
886 886 3.7292016586318454e-05
884 884 4.4627135591249442e-05
884 886 -4.4627135591249442e-05
886 886 4.4627135591249442e-05
885 885 2.3814340745194203e-05
885 886 -2.3814340745194203e-05
886 886 2.3814340745194203e-05
888 888 5.5269950282790529e-05
888 889 -5.5269950282790529e-05
889 889 5.5269950282790529e-05
888 888 8.6075088067982193e-05
888 890 -8.6075088067982193e-05
890 890 8.6075088067982193e-05
889 889 8.4306633196827452e-05
889 890 -8.4306633196827452e-05
890 890 8.4306633196827452e-05
888 888 5.7061762699279487e-05
888 891 -5.7061762699279487e-05
891 891 5.7061762699279487e-05
889 889 3.913678038978382e-05
889 891 -3.913678038978382e-05
891 891 3.913678038978382e-05
890 890 3.7444088018255007e-05
890 891 -3.7444088018255007e-05
891 891 3.7444088018255007e-05
888 888 4.214062683714139e-05
888 892 -4.214062683714139e-05
892 892 4.214062683714139e-05
889 889 5.6107897206090879e-05
889 892 -5.6107897206090879e-05
892 892 5.6107897206090879e-05
890 890 3.8314478136605727e-05
890 892 -3.8314478136605727e-05
892 892 3.8314478136605727e-05
891 891 6.1202981219756137e-05
891 892 -6.1202981219756137e-05
892 892 6.1202981219756137e-05
893 893 5.6993857754302022e-05
893 894 -5.6993857754302022e-05
894 894 5.6993857754302022e-05
893 893 4.8791436684850024e-05
893 895 -4.8791436684850024e-05
895 895 4.8791436684850024e-05
894 894 3.0561681912893314e-05
894 895 -3.0561681912893314e-05
895 895 3.0561681912893314e-05
896 896 5.3190390102626801e-05
896 897 -5.3190390102626801e-05
897 897 5.3190390102626801e-05
896 896 8.2110889789231632e-05
896 898 -8.2110889789231632e-05
898 898 8.2110889789231632e-05
897 897 0.00010819529238525052
897 898 -0.00010819529238525052
898 898 0.00010819529238525052
897 897 8.4207331808508609e-05
897 899 -8.4207331808508609e-05
899 899 8.4207331808508609e-05
898 898 7.8162172060565951e-05
898 899 -7.8162172060565951e-05
899 899 7.8162172060565951e-05
896 896 4.6437416772259549e-05
896 900 -4.6437416772259549e-05
900 900 4.6437416772259549e-05
897 897 5.6101409124528117e-05
897 900 -5.6101409124528117e-05
900 900 5.6101409124528117e-05
898 898 8.2762012648798883e-05
898 900 -8.2762012648798883e-05
900 900 8.2762012648798883e-05
899 899 9.5069655850240375e-05
899 900 -9.5069655850240375e-05
900 900 9.5069655850240375e-05
901 901 5.0707897242484894e-05
901 902 -5.0707897242484894e-05
902 902 5.0707897242484894e-05
901 901 3.2264615966600149e-05
901 903 -3.2264615966600149e-05
903 903 3.2264615966600149e-05
902 902 3.1621146627304409e-05
902 903 -3.1621146627304409e-05
903 903 3.1621146627304409e-05
901 901 3.0481611428308444e-05
901 904 -3.0481611428308444e-05
904 904 3.0481611428308444e-05
902 902 6.9175048713981851e-05
902 904 -6.9175048713981851e-05
904 904 6.9175048713981851e-05
903 903 2.2705123119279945e-05
903 904 -2.2705123119279945e-05
904 904 2.2705123119279945e-05
901 901 8.1109807965141283e-05
901 905 -8.1109807965141283e-05
905 905 8.1109807965141283e-05
903 903 2.6211298612968008e-05
903 905 -2.6211298612968008e-05
905 905 2.6211298612968008e-05
901 901 5.399851022000588e-05
901 906 -5.399851022000588e-05
906 906 5.399851022000588e-05
902 902 4.1666982915257674e-05
902 906 -4.1666982915257674e-05
906 906 4.1666982915257674e-05
903 903 2.0814122985707096e-05
903 906 -2.0814122985707096e-05
906 906 2.0814122985707096e-05
904 904 3.3654907112748143e-05
904 906 -3.3654907112748143e-05
906 906 3.3654907112748143e-05
905 905 4.4149300939803032e-05
905 906 -4.4149300939803032e-05
906 906 4.4149300939803032e-05
901 901 2.7799045028601269e-05
901 907 -2.7799045028601269e-05
907 907 2.7799045028601269e-05
902 902 3.9108467533970014e-05
902 907 -3.9108467533970014e-05
907 907 3.9108467533970014e-05
903 903 5.578446106814618e-05
903 907 -5.578446106814618e-05
907 907 5.578446106814618e-05
904 904 3.0181402452835565e-05
904 907 -3.0181402452835565e-05
907 907 3.0181402452835565e-05
906 906 2.0730990586772118e-05
906 907 -2.0730990586772118e-05
907 907 2.0730990586772118e-05
908 908 5.3199493554314385e-05
908 909 -5.3199493554314385e-05
909 909 5.3199493554314385e-05
910 910 0.0021248534711819016
910 911 -0.0021248534711819016
911 911 0.0021248534711819016
911 911 7.2899496922308784e-05
911 912 -7.2899496922308784e-05
912 912 7.2899496922308784e-05
911 911 5.0423219233002739e-05
911 913 -5.0423219233002739e-05
913 913 5.0423219233002739e-05
912 912 3.835347375837196e-05
912 913 -3.835347375837196e-05
913 913 3.835347375837196e-05
914 914 8.0301255795241517e-05
914 915 -8.0301255795241517e-05
915 915 8.0301255795241517e-05
914 914 3.6248847466415765e-05
914 916 -3.6248847466415765e-05
916 916 3.6248847466415765e-05
915 915 4.5520803017493129e-05
915 916 -4.5520803017493129e-05
916 916 4.5520803017493129e-05
914 914 7.391452432617514e-05
914 917 -7.391452432617514e-05
917 917 7.391452432617514e-05
916 916 2.5893005379713819e-05
916 917 -2.5893005379713819e-05
917 917 2.5893005379713819e-05
918 918 2.4419354636537128e-05
918 919 -2.4419354636537128e-05
919 919 2.4419354636537128e-05
918 918 4.3823896268404786e-05
918 920 -4.3823896268404786e-05
920 920 4.3823896268404786e-05
919 919 3.4115343952045306e-05
919 920 -3.4115343952045306e-05
920 920 3.4115343952045306e-05
918 918 2.4350495859265034e-05
918 921 -2.4350495859265034e-05
921 921 2.4350495859265034e-05
919 919 5.6483034411929369e-05
919 921 -5.6483034411929369e-05
921 921 5.6483034411929369e-05
920 920 2.5470959869557073e-05
920 921 -2.5470959869557073e-05
921 921 2.5470959869557073e-05
918 918 2.8441274702759208e-05
918 922 -2.8441274702759208e-05
922 922 2.8441274702759208e-05
919 919 6.853663048821766e-05
919 922 -6.853663048821766e-05
922 922 6.853663048821766e-05
920 920 5.8695635343064305e-05
920 922 -5.8695635343064305e-05
922 922 5.8695635343064305e-05
921 921 3.3520128966050158e-05
921 922 -3.3520128966050158e-05
922 922 3.3520128966050158e-05
918 918 3.1982355598913752e-05
918 923 -3.1982355598913752e-05
923 923 3.1982355598913752e-05
919 919 2.9166537990256261e-05
919 923 -2.9166537990256261e-05
923 923 2.9166537990256261e-05
920 920 2.4104905204076197e-05
920 923 -2.4104905204076197e-05
923 923 2.4104905204076197e-05
921 921 4.7927083761606562e-05
921 923 -4.7927083761606562e-05
923 923 4.7927083761606562e-05
922 922 2.4643981377856154e-05
922 923 -2.4643981377856154e-05
923 923 2.4643981377856154e-05
924 924 3.3334777287637713e-05
924 925 -3.3334777287637713e-05
925 925 3.3334777287637713e-05
926 926 2.1160026346533242e-05
926 927 -2.1160026346533242e-05
927 927 2.1160026346533242e-05
926 926 3.1151963722821476e-05
926 928 -3.1151963722821476e-05
928 928 3.1151963722821476e-05
927 927 3.2743410849004911e-05
927 928 -3.2743410849004911e-05
928 928 3.2743410849004911e-05
926 926 2.1084618740748788e-05
926 929 -2.1084618740748788e-05
929 929 2.1084618740748788e-05
927 927 5.8785194063958615e-05
927 929 -5.8785194063958615e-05
929 929 5.8785194063958615e-05
928 928 4.9842773611011055e-05
928 929 -4.9842773611011055e-05
929 929 4.9842773611011055e-05
931 931 3.337515982402226e-05
931 932 -3.337515982402226e-05
932 932 3.337515982402226e-05
933 933 4.5245279764854056e-05
933 934 -4.5245279764854056e-05
934 934 4.5245279764854056e-05
933 933 5.7034482897246295e-05
933 935 -5.7034482897246295e-05
935 935 5.7034482897246295e-05
934 934 5.4512856849244283e-05
934 935 -5.4512856849244283e-05
935 935 5.4512856849244283e-05
933 933 3.4441252116985178e-05
933 936 -3.4441252116985178e-05
936 936 3.4441252116985178e-05
934 934 3.389671166421208e-05
934 936 -3.389671166421208e-05
936 936 3.389671166421208e-05
935 935 7.7074041316510639e-05
935 936 -7.7074041316510639e-05
936 936 7.7074041316510639e-05
933 933 4.1451888916491698e-05
933 937 -4.1451888916491698e-05
937 937 4.1451888916491698e-05
934 934 2.7217498401833612e-05
934 937 -2.7217498401833612e-05
937 937 2.7217498401833612e-05
935 935 5.2466814979180823e-05
935 937 -5.2466814979180823e-05
937 937 5.2466814979180823e-05
936 936 5.8195594849811425e-05
936 937 -5.8195594849811425e-05
937 937 5.8195594849811425e-05
933 933 6.5338811472192572e-05
933 938 -6.5338811472192572e-05
938 938 6.5338811472192572e-05
934 934 2.7346683563775606e-05
934 938 -2.7346683563775606e-05
938 938 2.7346683563775606e-05
935 935 3.9231748481406897e-05
935 938 -3.9231748481406897e-05
938 938 3.9231748481406897e-05
936 936 3.1306851670560656e-05
936 938 -3.1306851670560656e-05
938 938 3.1306851670560656e-05
937 937 5.4050843080295815e-05
937 938 -5.4050843080295815e-05
938 938 5.4050843080295815e-05
933 933 3.7446842136123538e-05
933 939 -3.7446842136123538e-05
939 939 3.7446842136123538e-05
934 934 0.00013866733399023633
934 939 -0.00013866733399023633
939 939 0.00013866733399023633
935 935 5.6909825211252467e-05
935 939 -5.6909825211252467e-05
939 939 5.6909825211252467e-05
936 936 3.820937656069466e-05
936 939 -3.820937656069466e-05
939 939 3.820937656069466e-05
940 940 4.8914944909272713e-05
940 941 -4.8914944909272713e-05
941 941 4.8914944909272713e-05
940 940 3.5641248391116188e-05
940 942 -3.5641248391116188e-05
942 942 3.5641248391116188e-05
941 941 4.3394766322283568e-05
941 942 -4.3394766322283568e-05
942 942 4.3394766322283568e-05
940 940 4.8906077314290233e-05
940 943 -4.8906077314290233e-05
943 943 4.8906077314290233e-05
941 941 0.00021697482454635406
941 943 -0.00021697482454635406
943 943 0.00021697482454635406
940 940 5.506017088650266e-05
940 944 -5.506017088650266e-05
944 944 5.506017088650266e-05
941 941 2.9661928290571069e-05
941 944 -2.9661928290571069e-05
944 944 2.9661928290571069e-05
942 942 3.7061494632590972e-05
942 944 -3.7061494632590972e-05
944 944 3.7061494632590972e-05
945 945 3.7973109918919423e-05
945 946 -3.7973109918919423e-05
946 946 3.7973109918919423e-05
945 945 3.2638521478269259e-05
945 947 -3.2638521478269259e-05
947 947 3.2638521478269259e-05
946 946 5.2867932565126786e-05
946 947 -5.2867932565126786e-05
947 947 5.2867932565126786e-05
945 945 5.1971475252908724e-05
945 948 -5.1971475252908724e-05
948 948 5.1971475252908724e-05
946 946 3.4342126452604231e-05
946 948 -3.4342126452604231e-05
948 948 3.4342126452604231e-05
947 947 4.9752343832412575e-05
947 948 -4.9752343832412575e-05
948 948 4.9752343832412575e-05
945 945 4.0261649279555298e-05
945 949 -4.0261649279555298e-05
949 949 4.0261649279555298e-05
946 946 4.8384605810610095e-05
946 949 -4.8384605810610095e-05
949 949 4.8384605810610095e-05
947 947 2.6419192521435672e-05
947 949 -2.6419192521435672e-05
949 949 2.6419192521435672e-05
948 948 2.5494175965358482e-05
948 949 -2.5494175965358482e-05
949 949 2.5494175965358482e-05
950 950 3.4744153132711547e-05
950 951 -3.4744153132711547e-05
951 951 3.4744153132711547e-05
952 952 7.4448171112795201e-05
952 953 -7.4448171112795201e-05
953 953 7.4448171112795201e-05
952 952 6.3023973167682868e-05
952 954 -6.3023973167682868e-05
954 954 6.3023973167682868e-05
953 953 4.4668776665333934e-05
953 954 -4.4668776665333934e-05
954 954 4.4668776665333934e-05
952 952 5.094465572369378e-05
952 955 -5.094465572369378e-05
955 955 5.094465572369378e-05
953 953 8.262593636702705e-05
953 955 -8.262593636702705e-05
955 955 8.262593636702705e-05
954 954 3.0288245492183258e-05
954 955 -3.0288245492183258e-05
955 955 3.0288245492183258e-05
952 952 3.7211906935892123e-05
952 956 -3.7211906935892123e-05
956 956 3.7211906935892123e-05
953 953 3.8763595672634741e-05
953 956 -3.8763595672634741e-05
956 956 3.8763595672634741e-05
954 954 6.6758157891861302e-05
954 956 -6.6758157891861302e-05
956 956 6.6758157891861302e-05
952 952 5.8136139219710535e-05
952 957 -5.8136139219710535e-05
957 957 5.8136139219710535e-05
953 953 3.3320001486617944e-05
953 957 -3.3320001486617944e-05
957 957 3.3320001486617944e-05
954 954 3.8362083641414917e-05
954 957 -3.8362083641414917e-05
957 957 3.8362083641414917e-05
955 955 3.142983526945736e-05
955 957 -3.142983526945736e-05
957 957 3.142983526945736e-05
958 958 3.1605167719323211e-05
958 959 -3.1605167719323211e-05
959 959 3.1605167719323211e-05
960 960 0.00010277421638836822
960 961 -0.00010277421638836822
961 961 0.00010277421638836822
960 960 8.5860275415749134e-05
960 962 -8.5860275415749134e-05
962 962 8.5860275415749134e-05
961 961 5.5292641076072549e-05
961 962 -5.5292641076072549e-05
962 962 5.5292641076072549e-05
960 960 5.1012658102248382e-05
960 963 -5.1012658102248382e-05
963 963 5.1012658102248382e-05
961 961 6.4225284706667654e-05
961 963 -6.4225284706667654e-05
963 963 6.4225284706667654e-05
962 962 5.6180954338045466e-05
962 963 -5.6180954338045466e-05
963 963 5.6180954338045466e-05
964 964 6.7483681286654144e-05
964 965 -6.7483681286654144e-05
965 965 6.7483681286654144e-05
964 964 4.4182144256685791e-05
964 966 -4.4182144256685791e-05
966 966 4.4182144256685791e-05
965 965 6.1659196312672309e-05
965 966 -6.1659196312672309e-05
966 966 6.1659196312672309e-05
964 964 4.857815046922359e-05
964 967 -4.857815046922359e-05
967 967 4.857815046922359e-05
965 965 3.19035219399758e-05
965 967 -3.19035219399758e-05
967 967 3.19035219399758e-05
968 968 5.0683165590441725e-05
968 969 -5.0683165590441725e-05
969 969 5.0683165590441725e-05
970 970 6.133653540147047e-05
970 971 -6.133653540147047e-05
971 971 6.133653540147047e-05
970 970 4.3507416169397997e-05
970 972 -4.3507416169397997e-05
972 972 4.3507416169397997e-05
971 971 5.1857591965763289e-05
971 972 -5.1857591965763289e-05
972 972 5.1857591965763289e-05
974 974 5.9944175278950012e-05
974 975 -5.9944175278950012e-05
975 975 5.9944175278950012e-05
974 974 7.0024799840231379e-05
974 976 -7.0024799840231379e-05
976 976 7.0024799840231379e-05
975 975 7.1109832670574282e-05
975 976 -7.1109832670574282e-05
976 976 7.1109832670574282e-05
974 974 3.6046998865771258e-05
974 977 -3.6046998865771258e-05
977 977 3.6046998865771258e-05
975 975 6.8059437293603529e-05
975 977 -6.8059437293603529e-05
977 977 6.8059437293603529e-05
978 978 4.4536726395734777e-05
978 979 -4.4536726395734777e-05
979 979 4.4536726395734777e-05
978 978 8.5959787842858519e-05
978 980 -8.5959787842858519e-05
980 980 8.5959787842858519e-05
979 979 3.264835753900781e-05
979 980 -3.264835753900781e-05
980 980 3.264835753900781e-05
978 978 6.4608443163056438e-05
978 981 -6.4608443163056438e-05
981 981 6.4608443163056438e-05
979 979 5.7408869044077006e-05
979 981 -5.7408869044077006e-05
981 981 5.7408869044077006e-05
978 978 4.3243372436553547e-05
978 982 -4.3243372436553547e-05
982 982 4.3243372436553547e-05
979 979 6.8537490968043684e-05
979 982 -6.8537490968043684e-05
982 982 6.8537490968043684e-05
980 980 3.9306497241717676e-05
980 982 -3.9306497241717676e-05
982 982 3.9306497241717676e-05
981 981 3.6531736446941156e-05
981 982 -3.6531736446941156e-05
982 982 3.6531736446941156e-05
978 978 5.1046872943694034e-05
978 983 -5.1046872943694034e-05
983 983 5.1046872943694034e-05
979 979 4.0487804681420469e-05
979 983 -4.0487804681420469e-05
983 983 4.0487804681420469e-05
980 980 6.3679939331992558e-05
980 983 -6.3679939331992558e-05
983 983 6.3679939331992558e-05
981 981 3.2492511609981918e-05
981 983 -3.2492511609981918e-05
983 983 3.2492511609981918e-05
982 982 7.6719116117427612e-05
982 983 -7.6719116117427612e-05
983 983 7.6719116117427612e-05
984 984 9.5140665685149406e-05
984 985 -9.5140665685149406e-05
985 985 9.5140665685149406e-05
984 984 4.1723434634805035e-05
984 986 -4.1723434634805035e-05
986 986 4.1723434634805035e-05
985 985 3.7038145172693054e-05
985 986 -3.7038145172693054e-05
986 986 3.7038145172693054e-05
984 984 5.2812018248381405e-05
984 987 -5.2812018248381405e-05
987 987 5.2812018248381405e-05
985 985 3.7567538899733873e-05
985 987 -3.7567538899733873e-05
987 987 3.7567538899733873e-05
986 986 7.8300962692886582e-05
986 987 -7.8300962692886582e-05
987 987 7.8300962692886582e-05
984 984 4.7856485237842614e-05
984 988 -4.7856485237842614e-05
988 988 4.7856485237842614e-05
985 985 8.8285955242087808e-05
985 988 -8.8285955242087808e-05
988 988 8.8285955242087808e-05
986 986 3.5496021360324995e-05
986 988 -3.5496021360324995e-05
988 988 3.5496021360324995e-05
987 987 3.0734361970660809e-05
987 988 -3.0734361970660809e-05
988 988 3.0734361970660809e-05
984 984 9.9481020604973055e-05
984 989 -9.9481020604973055e-05
989 989 9.9481020604973055e-05
985 985 8.6259514286902997e-05
985 989 -8.6259514286902997e-05
989 989 8.6259514286902997e-05
990 990 7.3774805969606689e-05
990 991 -7.3774805969606689e-05
991 991 7.3774805969606689e-05
990 990 6.7683676077489777e-05
990 992 -6.7683676077489777e-05
992 992 6.7683676077489777e-05
990 990 0.00012286978869382971
990 993 -0.00012286978869382971
993 993 0.00012286978869382971
991 991 5.9948450836419923e-05
991 993 -5.9948450836419923e-05
993 993 5.9948450836419923e-05
990 990 0.00010696071961317359
990 994 -0.00010696071961317359
994 994 0.00010696071961317359
991 991 0.00012449894392731932
991 994 -0.00012449894392731932
994 994 0.00012449894392731932
992 992 4.4826837001926387e-05
992 994 -4.4826837001926387e-05
994 994 4.4826837001926387e-05
993 993 0.00011033356683536587
993 994 -0.00011033356683536587
994 994 0.00011033356683536587
990 990 8.2670876767184347e-05
990 995 -8.2670876767184347e-05
995 995 8.2670876767184347e-05
991 991 0.00027530592072687126
991 995 -0.00027530592072687126
995 995 0.00027530592072687126
992 992 5.5439425896028353e-05
992 995 -5.5439425896028353e-05
995 995 5.5439425896028353e-05
993 993 5.9002888455917758e-05
993 995 -5.9002888455917758e-05
995 995 5.9002888455917758e-05
994 994 0.00010582148349502226
994 995 -0.00010582148349502226
995 995 0.00010582148349502226
996 996 3.5798749991844838e-05
996 997 -3.5798749991844838e-05
997 997 3.5798749991844838e-05
998 998 4.6612641140173531e-05
998 999 -4.6612641140173531e-05
999 999 4.6612641140173531e-05
998 998 2.794812884498919e-05
998 1000 -2.794812884498919e-05
1000 1000 2.794812884498919e-05
999 999 3.2156174684226782e-05
999 1000 -3.2156174684226782e-05
1000 1000 3.2156174684226782e-05
998 998 4.162566400201738e-05
998 1001 -4.162566400201738e-05
1001 1001 4.162566400201738e-05
999 999 2.8352942887240543e-05
999 1001 -2.8352942887240543e-05
1001 1001 2.8352942887240543e-05
1000 1000 4.1667002361417091e-05
1000 1001 -4.1667002361417091e-05
1001 1001 4.1667002361417091e-05
1002 1002 0.00010824259495570079
1002 1003 -0.00010824259495570079
1003 1003 0.00010824259495570079
1002 1002 3.1612749215833262e-05
1002 1004 -3.1612749215833262e-05
1004 1004 3.1612749215833262e-05
1003 1003 3.1564292705556371e-05
1003 1004 -3.1564292705556371e-05
1004 1004 3.1564292705556371e-05
1002 1002 3.1689943634646612e-05
1002 1005 -3.1689943634646612e-05
1005 1005 3.1689943634646612e-05
1003 1003 3.4869929153456433e-05
1003 1005 -3.4869929153456433e-05
1005 1005 3.4869929153456433e-05
1004 1004 9.980711200452023e-05
1004 1005 -9.980711200452023e-05
1005 1005 9.980711200452023e-05
1006 1006 3.4988072305921644e-05
1006 1007 -3.4988072305921644e-05
1007 1007 3.4988072305921644e-05
1006 1006 5.5854528936275927e-05
1006 1008 -5.5854528936275927e-05
1008 1008 5.5854528936275927e-05
1007 1007 3.22138786306781e-05
1007 1008 -3.22138786306781e-05
1008 1008 3.22138786306781e-05
1009 1009 7.2852920674447487e-05
1009 1010 -7.2852920674447487e-05
1010 1010 7.2852920674447487e-05
1009 1009 4.444305370666594e-05
1009 1011 -4.444305370666594e-05
1011 1011 4.444305370666594e-05
1010 1010 0.00010615693058207621
1010 1011 -0.00010615693058207621
1011 1011 0.00010615693058207621
1012 1012 8.8875205457556044e-05
1012 1013 -8.8875205457556044e-05
1013 1013 8.8875205457556044e-05
1012 1012 8.3281289941085346e-05
1012 1014 -8.3281289941085346e-05
1014 1014 8.3281289941085346e-05
1013 1013 4.8716460858518888e-05
1013 1014 -4.8716460858518888e-05
1014 1014 4.8716460858518888e-05
1015 1015 8.2128474589437137e-05
1015 1016 -8.2128474589437137e-05
1016 1016 8.2128474589437137e-05
1015 1015 0.00012511380642813585
1015 1017 -0.00012511380642813585
1017 1017 0.00012511380642813585
1016 1016 9.3579973265781939e-05
1016 1017 -9.3579973265781939e-05
1017 1017 9.3579973265781939e-05
1015 1015 5.1937959353186235e-05
1015 1018 -5.1937959353186235e-05
1018 1018 5.1937959353186235e-05
1016 1016 3.3056904493831189e-05
1016 1018 -3.3056904493831189e-05
1018 1018 3.3056904493831189e-05
1017 1017 4.8611086103269845e-05
1017 1018 -4.8611086103269845e-05
1018 1018 4.8611086103269845e-05
1015 1015 6.0520536081405812e-05
1015 1019 -6.0520536081405812e-05
1019 1019 6.0520536081405812e-05
1016 1016 3.6233986409116494e-05
1016 1019 -3.6233986409116494e-05
1019 1019 3.6233986409116494e-05
1018 1018 5.1957201739452466e-05
1018 1019 -5.1957201739452466e-05
1019 1019 5.1957201739452466e-05
1015 1015 4.4381794074723125e-05
1015 1020 -4.4381794074723125e-05
1020 1020 4.4381794074723125e-05
1016 1016 3.8073749999075756e-05
1016 1020 -3.8073749999075756e-05
1020 1020 3.8073749999075756e-05
1017 1017 6.0621949759643566e-05
1017 1020 -6.0621949759643566e-05
1020 1020 6.0621949759643566e-05
1018 1018 5.1996757525407787e-05
1018 1020 -5.1996757525407787e-05
1020 1020 5.1996757525407787e-05
1019 1019 2.9642507389405188e-05
1019 1020 -2.9642507389405188e-05
1020 1020 2.9642507389405188e-05
1015 1015 5.6378589343201967e-05
1015 1021 -5.6378589343201967e-05
1021 1021 5.6378589343201967e-05
1016 1016 5.4549266067308853e-05
1016 1021 -5.4549266067308853e-05
1021 1021 5.4549266067308853e-05
1017 1017 4.1854911317401136e-05
1017 1021 -4.1854911317401136e-05
1021 1021 4.1854911317401136e-05
1018 1018 2.8819756477952826e-05
1018 1021 -2.8819756477952826e-05
1021 1021 2.8819756477952826e-05
1019 1019 4.797919583074723e-05
1019 1021 -4.797919583074723e-05
1021 1021 4.797919583074723e-05
1022 1022 4.0089416334644408e-05
1022 1023 -4.0089416334644408e-05
1023 1023 4.0089416334644408e-05
1022 1022 3.5801748714740534e-05
1022 1024 -3.5801748714740534e-05
1024 1024 3.5801748714740534e-05
1023 1023 6.929562591486553e-05
1023 1024 -6.929562591486553e-05
1024 1024 6.929562591486553e-05
1025 1025 6.7508023403338422e-05
1025 1026 -6.7508023403338422e-05
1026 1026 6.7508023403338422e-05
1025 1025 0.00011270567193945189
1025 1027 -0.00011270567193945189
1027 1027 0.00011270567193945189
1026 1026 0.00014462012410510749
1026 1027 -0.00014462012410510749
1027 1027 0.00014462012410510749
1028 1028 6.0656507989540864e-05
1028 1029 -6.0656507989540864e-05
1029 1029 6.0656507989540864e-05
1028 1028 5.0175009513514949e-05
1028 1030 -5.0175009513514949e-05
1030 1030 5.0175009513514949e-05
1029 1029 2.878851182600853e-05
1029 1030 -2.878851182600853e-05
1030 1030 2.878851182600853e-05
1028 1028 7.1985995440164145e-05
1028 1031 -7.1985995440164145e-05
1031 1031 7.1985995440164145e-05
1029 1029 4.3245640961910728e-05
1029 1031 -4.3245640961910728e-05
1031 1031 4.3245640961910728e-05
1030 1030 3.4590479881205688e-05
1030 1031 -3.4590479881205688e-05
1031 1031 3.4590479881205688e-05
1032 1032 7.850657767185936e-05
1032 1033 -7.850657767185936e-05
1033 1033 7.850657767185936e-05
1032 1032 6.1370828842484843e-05
1032 1034 -6.1370828842484843e-05
1034 1034 6.1370828842484843e-05
1033 1033 5.0129538386261802e-05
1033 1034 -5.0129538386261802e-05
1034 1034 5.0129538386261802e-05
1035 1035 9.8548198314906874e-05
1035 1036 -9.8548198314906874e-05
1036 1036 9.8548198314906874e-05
1035 1035 4.985133524589209e-05
1035 1037 -4.985133524589209e-05
1037 1037 4.985133524589209e-05
1036 1036 9.5546218866919769e-05
1036 1037 -9.5546218866919769e-05
1037 1037 9.5546218866919769e-05
1035 1035 4.7790152434666094e-05
1035 1038 -4.7790152434666094e-05
1038 1038 4.7790152434666094e-05
1036 1036 7.0826147460798498e-05
1036 1038 -7.0826147460798498e-05
1038 1038 7.0826147460798498e-05
1037 1037 5.7675198055371459e-05
1037 1038 -5.7675198055371459e-05
1038 1038 5.7675198055371459e-05
1035 1035 3.716263484154919e-05
1035 1039 -3.716263484154919e-05
1039 1039 3.716263484154919e-05
1036 1036 5.4731138777281037e-05
1036 1039 -5.4731138777281037e-05
1039 1039 5.4731138777281037e-05
1037 1037 5.9041782893782537e-05
1037 1039 -5.9041782893782537e-05
1039 1039 5.9041782893782537e-05
1038 1038 0.00013280792820905143
1038 1039 -0.00013280792820905143
1039 1039 0.00013280792820905143
1035 1035 0.00014474227288089212
1035 1040 -0.00014474227288089212
1040 1040 0.00014474227288089212
1036 1036 6.3630088626819546e-05
1036 1040 -6.3630088626819546e-05
1040 1040 6.3630088626819546e-05
1037 1037 4.1236627863785902e-05
1037 1040 -4.1236627863785902e-05
1040 1040 4.1236627863785902e-05
1035 1035 5.8935397722087446e-05
1035 1041 -5.8935397722087446e-05
1041 1041 5.8935397722087446e-05
1036 1036 5.1019308107151006e-05
1036 1041 -5.1019308107151006e-05
1041 1041 5.1019308107151006e-05
1037 1037 4.3925660045215069e-05
1037 1041 -4.3925660045215069e-05
1041 1041 4.3925660045215069e-05
1040 1040 7.7066869407906789e-05
1040 1041 -7.7066869407906789e-05
1041 1041 7.7066869407906789e-05
1036 1036 5.2916210404469244e-05
1036 1042 -5.2916210404469244e-05
1042 1042 5.2916210404469244e-05
1037 1037 8.6396713859018139e-05
1037 1042 -8.6396713859018139e-05
1042 1042 8.6396713859018139e-05
1038 1038 6.2578296063105262e-05
1038 1042 -6.2578296063105262e-05
1042 1042 6.2578296063105262e-05
1039 1039 9.4310181423351274e-05
1039 1042 -9.4310181423351274e-05
1042 1042 9.4310181423351274e-05
1043 1043 3.2673740619449819e-05
1043 1044 -3.2673740619449819e-05
1044 1044 3.2673740619449819e-05
1045 1045 5.4961852755891059e-05
1045 1046 -5.4961852755891059e-05
1046 1046 5.4961852755891059e-05
1045 1045 3.8063823883671875e-05
1045 1047 -3.8063823883671875e-05
1047 1047 3.8063823883671875e-05
1046 1046 8.3103747078172105e-05
1046 1047 -8.3103747078172105e-05
1047 1047 8.3103747078172105e-05
1045 1045 5.242134181326557e-05
1045 1048 -5.242134181326557e-05
1048 1048 5.242134181326557e-05
1046 1046 4.8144169959810662e-05
1046 1048 -4.8144169959810662e-05
1048 1048 4.8144169959810662e-05
1047 1047 5.464187268437683e-05
1047 1048 -5.464187268437683e-05
1048 1048 5.464187268437683e-05
1045 1045 7.3299441242497785e-05
1045 1049 -7.3299441242497785e-05
1049 1049 7.3299441242497785e-05
1046 1046 6.3696928089099721e-05
1046 1049 -6.3696928089099721e-05
1049 1049 6.3696928089099721e-05
1048 1048 3.4381773721000052e-05
1048 1049 -3.4381773721000052e-05
1049 1049 3.4381773721000052e-05
1050 1050 5.5026523706921062e-05
1050 1051 -5.5026523706921062e-05
1051 1051 5.5026523706921062e-05
1050 1050 3.4753256574604679e-05
1050 1052 -3.4753256574604679e-05
1052 1052 3.4753256574604679e-05
1051 1051 2.5765059415042339e-05
1051 1052 -2.5765059415042339e-05
1052 1052 2.5765059415042339e-05
1050 1050 7.0945777932742915e-05
1050 1053 -7.0945777932742915e-05
1053 1053 7.0945777932742915e-05
1051 1051 3.5346100134050693e-05
1051 1053 -3.5346100134050693e-05
1053 1053 3.5346100134050693e-05
1052 1052 2.5547151494328534e-05
1052 1053 -2.5547151494328534e-05
1053 1053 2.5547151494328534e-05
1051 1051 7.4319434040505337e-05
1051 1054 -7.4319434040505337e-05
1054 1054 7.4319434040505337e-05
1052 1052 2.1925567338523099e-05
1052 1054 -2.1925567338523099e-05
1054 1054 2.1925567338523099e-05
1050 1050 4.8316351099911937e-05
1050 1055 -4.8316351099911937e-05
1055 1055 4.8316351099911937e-05
1051 1051 6.6583365750484284e-05
1051 1055 -6.6583365750484284e-05
1055 1055 6.6583365750484284e-05
1052 1052 2.0717728960233906e-05
1052 1055 -2.0717728960233906e-05
1055 1055 2.0717728960233906e-05
1053 1053 4.4855872557105328e-05
1053 1055 -4.4855872557105328e-05
1055 1055 4.4855872557105328e-05
1054 1054 3.9217124923960757e-05
1054 1055 -3.9217124923960757e-05
1055 1055 3.9217124923960757e-05
1056 1056 6.0716417539886942e-05
1056 1057 -6.0716417539886942e-05
1057 1057 6.0716417539886942e-05
1056 1056 7.5530512670181945e-05
1056 1058 -7.5530512670181945e-05
1058 1058 7.5530512670181945e-05
1057 1057 3.6944041322345438e-05
1057 1058 -3.6944041322345438e-05
1058 1058 3.6944041322345438e-05
1056 1056 4.794343903417002e-05
1056 1059 -4.794343903417002e-05
1059 1059 4.794343903417002e-05
1057 1057 6.5445339107379256e-05
1057 1059 -6.5445339107379256e-05
1059 1059 6.5445339107379256e-05
1060 1060 3.4477748710917688e-05
1060 1061 -3.4477748710917688e-05
1061 1061 3.4477748710917688e-05
1062 1062 0.00010002757903701584
1062 1063 -0.00010002757903701584
1063 1063 0.00010002757903701584
1062 1062 5.5685567034446544e-05
1062 1064 -5.5685567034446544e-05
1064 1064 5.5685567034446544e-05
1063 1063 5.0509881409911759e-05
1063 1064 -5.0509881409911759e-05
1064 1064 5.0509881409911759e-05
1062 1062 6.323854450192908e-05
1062 1065 -6.323854450192908e-05
1065 1065 6.323854450192908e-05
1063 1063 5.3173434928449999e-05
1063 1065 -5.3173434928449999e-05
1065 1065 5.3173434928449999e-05
1063 1063 6.1618662208963194e-05
1063 1066 -6.1618662208963194e-05
1066 1066 6.1618662208963194e-05
1064 1064 3.0589326063259354e-05
1064 1066 -3.0589326063259354e-05
1066 1066 3.0589326063259354e-05
1065 1065 3.5212566554477182e-05
1065 1066 -3.5212566554477182e-05
1066 1066 3.5212566554477182e-05
1067 1067 4.0774008719366774e-05
1067 1068 -4.0774008719366774e-05
1068 1068 4.0774008719366774e-05
1069 1069 5.0465052044338659e-05
1069 1070 -5.0465052044338659e-05
1070 1070 5.0465052044338659e-05
1071 1071 5.7788360322358237e-05
1071 1072 -5.7788360322358237e-05
1072 1072 5.7788360322358237e-05
1074 1074 4.3127377550279271e-05
1074 1075 -4.3127377550279271e-05
1075 1075 4.3127377550279271e-05
1073 1073 2.3850638001041124e-05
1073 1076 -2.3850638001041124e-05
1076 1076 2.3850638001041124e-05
1074 1074 3.6529137477359739e-05
1074 1076 -3.6529137477359739e-05
1076 1076 3.6529137477359739e-05
1075 1075 7.9331935254807183e-05
1075 1076 -7.9331935254807183e-05
1076 1076 7.9331935254807183e-05
1073 1073 4.9208975416615555e-05
1073 1077 -4.9208975416615555e-05
1077 1077 4.9208975416615555e-05
1074 1074 4.0105105181965219e-05
1074 1077 -4.0105105181965219e-05
1077 1077 4.0105105181965219e-05
1075 1075 2.6862172607050324e-05
1075 1077 -2.6862172607050324e-05
1077 1077 2.6862172607050324e-05
1076 1076 3.1704462557670145e-05
1076 1077 -3.1704462557670145e-05
1077 1077 3.1704462557670145e-05
1075 1075 6.2332183671137922e-05
1075 1078 -6.2332183671137922e-05
1078 1078 6.2332183671137922e-05
1076 1076 0.00016462803104340599
1076 1078 -0.00016462803104340599
1078 1078 0.00016462803104340599
1073 1073 4.8365805842012655e-05
1073 1079 -4.8365805842012655e-05
1079 1079 4.8365805842012655e-05
1074 1074 2.5272215312866655e-05
1074 1079 -2.5272215312866655e-05
1079 1079 2.5272215312866655e-05
1077 1077 5.5140976641753856e-05
1077 1079 -5.5140976641753856e-05
1079 1079 5.5140976641753856e-05
1080 1080 4.0175902369808074e-05
1080 1081 -4.0175902369808074e-05
1081 1081 4.0175902369808074e-05
1080 1080 8.5489061337469183e-05
1080 1082 -8.5489061337469183e-05
1082 1082 8.5489061337469183e-05
1081 1081 4.3306435550434933e-05
1081 1082 -4.3306435550434933e-05
1082 1082 4.3306435550434933e-05
1083 1083 3.3362581258978683e-05
1083 1084 -3.3362581258978683e-05
1084 1084 3.3362581258978683e-05
1085 1085 0.00027196645895455844
1085 1086 -0.00027196645895455844
1086 1086 0.00027196645895455844
1085 1085 0.00020600541820880867
1085 1087 -0.00020600541820880867
1087 1087 0.00020600541820880867
1086 1086 0.00013839413956324517
1086 1087 -0.00013839413956324517
1087 1087 0.00013839413956324517
1087 1087 5.81845785639293e-05
1087 1088 -5.81845785639293e-05
1088 1088 5.81845785639293e-05
1087 1087 3.4487137981953917e-05
1087 1089 -3.4487137981953917e-05
1089 1089 3.4487137981953917e-05
1088 1088 5.4327117155671676e-05
1088 1089 -5.4327117155671676e-05
1089 1089 5.4327117155671676e-05
1086 1086 7.6242544015673268e-05
1086 1090 -7.6242544015673268e-05
1090 1090 7.6242544015673268e-05
1087 1087 5.6044567802479785e-05
1087 1090 -5.6044567802479785e-05
1090 1090 5.6044567802479785e-05
1088 1088 2.9394008028289856e-05
1088 1090 -2.9394008028289856e-05
1090 1090 2.9394008028289856e-05
1089 1089 2.495723180552238e-05
1089 1090 -2.495723180552238e-05
1090 1090 2.495723180552238e-05
1085 1085 5.5706872664554725e-05
1085 1091 -5.5706872664554725e-05
1091 1091 5.5706872664554725e-05
1086 1086 5.1029895946445285e-05
1086 1091 -5.1029895946445285e-05
1091 1091 5.1029895946445285e-05
1088 1088 3.2746074801984107e-05
1088 1091 -3.2746074801984107e-05
1091 1091 3.2746074801984107e-05
1089 1089 2.0995538568471478e-05
1089 1091 -2.0995538568471478e-05
1091 1091 2.0995538568471478e-05
1090 1090 3.2055163181075264e-05
1090 1091 -3.2055163181075264e-05
1091 1091 3.2055163181075264e-05
1092 1092 0.00012775690342943882
1092 1093 -0.00012775690342943882
1093 1093 0.00012775690342943882
1092 1092 3.5268174482459285e-05
1092 1094 -3.5268174482459285e-05
1094 1094 3.5268174482459285e-05
1093 1093 3.2021681203468603e-05
1093 1094 -3.2021681203468603e-05
1094 1094 3.2021681203468603e-05
1092 1092 6.8349075778298803e-05
1092 1095 -6.8349075778298803e-05
1095 1095 6.8349075778298803e-05
1093 1093 4.8933083814064732e-05
1093 1095 -4.8933083814064732e-05
1095 1095 4.8933083814064732e-05
1094 1094 6.1966557234295242e-05
1094 1095 -6.1966557234295242e-05
1095 1095 6.1966557234295242e-05
1096 1096 0.00010069811181363918
1096 1097 -0.00010069811181363918
1097 1097 0.00010069811181363918
1096 1096 5.8827223308143513e-05
1096 1098 -5.8827223308143513e-05
1098 1098 5.8827223308143513e-05
1097 1097 5.0031188883503906e-05
1097 1098 -5.0031188883503906e-05
1098 1098 5.0031188883503906e-05
1096 1096 0.00010944861027353078
1096 1099 -0.00010944861027353078
1099 1099 0.00010944861027353078
1097 1097 5.9649269555906815e-05
1097 1099 -5.9649269555906815e-05
1099 1099 5.9649269555906815e-05
1098 1098 9.7016027991021916e-05
1098 1099 -9.7016027991021916e-05
1099 1099 9.7016027991021916e-05
1096 1096 6.0264555489404784e-05
1096 1100 -6.0264555489404784e-05
1100 1100 6.0264555489404784e-05
1097 1097 0.00011287082747663397
1097 1100 -0.00011287082747663397
1100 1100 0.00011287082747663397
1098 1098 5.4848032811598552e-05
1098 1100 -5.4848032811598552e-05
1100 1100 5.4848032811598552e-05
1099 1099 5.0349155893172071e-05
1099 1100 -5.0349155893172071e-05
1100 1100 5.0349155893172071e-05
1101 1101 7.6650769985165451e-05
1101 1102 -7.6650769985165451e-05
1102 1102 7.6650769985165451e-05
1103 1103 7.6085245928197607e-05
1103 1104 -7.6085245928197607e-05
1104 1104 7.6085245928197607e-05
1105 1105 0.00010233348337348522
1105 1106 -0.00010233348337348522
1106 1106 0.00010233348337348522
1105 1105 8.8617446428750164e-05
1105 1107 -8.8617446428750164e-05
1107 1107 8.8617446428750164e-05
1106 1106 7.7625815380317901e-05
1106 1107 -7.7625815380317901e-05
1107 1107 7.7625815380317901e-05
1108 1108 7.6713594125012299e-05
1108 1109 -7.6713594125012299e-05
1109 1109 7.6713594125012299e-05
1110 1110 0.00036758448145205185
1110 1111 -0.00036758448145205185
1111 1111 0.00036758448145205185
1110 1110 7.8240010144831924e-05
1110 1112 -7.8240010144831924e-05
1112 1112 7.8240010144831924e-05
1111 1111 7.5261048374217863e-05
1111 1112 -7.5261048374217863e-05
1112 1112 7.5261048374217863e-05
1113 1113 7.5256846304083452e-05
1113 1114 -7.5256846304083452e-05
1114 1114 7.5256846304083452e-05
1115 1115 7.6501779743361762e-05
1115 1116 -7.6501779743361762e-05
1116 1116 7.6501779743361762e-05
1117 1117 0.00019001522656666447
1117 1118 -0.00019001522656666447
1118 1118 0.00019001522656666447
1117 1117 7.904336296419457e-05
1117 1119 -7.904336296419457e-05
1119 1119 7.904336296419457e-05
1118 1118 7.5268636052878415e-05
1118 1119 -7.5268636052878415e-05
1119 1119 7.5268636052878415e-05
1120 1120 7.5945037320482878e-05
1120 1121 -7.5945037320482878e-05
1121 1121 7.5945037320482878e-05
1122 1122 0.00011528183832545956
1122 1123 -0.00011528183832545956
1123 1123 0.00011528183832545956
1122 1122 8.1626705954958127e-05
1122 1124 -8.1626705954958127e-05
1124 1124 8.1626705954958127e-05
1123 1123 7.8570400630468241e-05
1123 1124 -7.8570400630468241e-05
1124 1124 7.8570400630468241e-05
1125 1125 7.5726759468864696e-05
1125 1126 -7.5726759468864696e-05
1126 1126 7.5726759468864696e-05
1127 1127 0.0001241140370047597
1127 1128 -0.0001241140370047597
1128 1128 0.0001241140370047597
1127 1127 9.6206346674188793e-05
1127 1129 -9.6206346674188793e-05
1129 1129 9.6206346674188793e-05
1128 1128 7.502929366181061e-05
1128 1129 -7.502929366181061e-05
1129 1129 7.502929366181061e-05
1127 1127 0.00028611786620770876
1127 1130 -0.00028611786620770876
1130 1130 0.00028611786620770876
1128 1128 0.00020037630639851154
1128 1130 -0.00020037630639851154
1130 1130 0.00020037630639851154
1129 1129 8.1834034915604956e-05
1129 1130 -8.1834034915604956e-05
1130 1130 8.1834034915604956e-05
1131 1131 7.5179913963029926e-05
1131 1132 -7.5179913963029926e-05
1132 1132 7.5179913963029926e-05
1133 1133 0.00010052395001110474
1133 1134 -0.00010052395001110474
1134 1134 0.00010052395001110474
1133 1133 0.00012273474624983005
1133 1135 -0.00012273474624983005
1135 1135 0.00012273474624983005
1134 1134 7.5190550005604134e-05
1134 1135 -7.5190550005604134e-05
1135 1135 7.5190550005604134e-05
1133 1133 7.7130225671369844e-05
1133 1136 -7.7130225671369844e-05
1136 1136 7.7130225671369844e-05
1134 1134 0.0001584555524693211
1134 1136 -0.0001584555524693211
1136 1136 0.0001584555524693211
1135 1135 8.2206693043455705e-05
1135 1136 -8.2206693043455705e-05
1136 1136 8.2206693043455705e-05
1133 1133 0.00024477225729573607
1133 1137 -0.00024477225729573607
1137 1137 0.00024477225729573607
1134 1134 8.2036809134444435e-05
1134 1137 -8.2036809134444435e-05
1137 1137 8.2036809134444435e-05
1135 1135 0.00022114913251954969
1135 1137 -0.00022114913251954969
1137 1137 0.00022114913251954969
1136 1136 7.5216243490194742e-05
1136 1137 -7.5216243490194742e-05
1137 1137 7.5216243490194742e-05
1139 1139 0.00091147828974729578
1139 1140 -0.00091147828974729578
1140 1140 0.00091147828974729578
1140 1140 4.6672938339521877e-05
1140 1141 -4.6672938339521877e-05
1141 1141 4.6672938339521877e-05
1139 1139 8.3492835063747527e-05
1139 1142 -8.3492835063747527e-05
1142 1142 8.3492835063747527e-05
1143 1143 5.22072515760442e-05
1143 1144 -5.22072515760442e-05
1144 1144 5.22072515760442e-05
1143 1143 4.3235746357118085e-05
1143 1145 -4.3235746357118085e-05
1145 1145 4.3235746357118085e-05
1144 1144 2.5001767647385897e-05
1144 1145 -2.5001767647385897e-05
1145 1145 2.5001767647385897e-05
1143 1143 3.9008765715270734e-05
1143 1146 -3.9008765715270734e-05
1146 1146 3.9008765715270734e-05
1144 1144 4.9435554317210416e-05
1144 1146 -4.9435554317210416e-05
1146 1146 4.9435554317210416e-05
1145 1145 2.8780072875846514e-05
1145 1146 -2.8780072875846514e-05
1146 1146 2.8780072875846514e-05
1147 1147 2.207223268071037e-05
1147 1148 -2.207223268071037e-05
1148 1148 2.207223268071037e-05
1147 1147 3.3252437884492154e-05
1147 1149 -3.3252437884492154e-05
1149 1149 3.3252437884492154e-05
1148 1148 4.1649009712840626e-05
1148 1149 -4.1649009712840626e-05
1149 1149 4.1649009712840626e-05
1147 1147 4.1492618517569568e-05
1147 1150 -4.1492618517569568e-05
1150 1150 4.1492618517569568e-05
1148 1148 2.4848753661030787e-05
1148 1150 -2.4848753661030787e-05
1150 1150 2.4848753661030787e-05
1149 1149 2.5631992276577294e-05
1149 1150 -2.5631992276577294e-05
1150 1150 2.5631992276577294e-05
1151 1151 0.00013553752397064088
1151 1152 -0.00013553752397064088
1152 1152 0.00013553752397064088
1152 1152 4.8879244645104946e-05
1152 1153 -4.8879244645104946e-05
1153 1153 4.8879244645104946e-05
1151 1151 4.1453314428793845e-05
1151 1154 -4.1453314428793845e-05
1154 1154 4.1453314428793845e-05
1152 1152 5.2162627226182085e-05
1152 1154 -5.2162627226182085e-05
1154 1154 5.2162627226182085e-05
1153 1153 4.3444969482275417e-05
1153 1154 -4.3444969482275417e-05
1154 1154 4.3444969482275417e-05
1151 1151 4.2702625635579204e-05
1151 1155 -4.2702625635579204e-05
1155 1155 4.2702625635579204e-05
1152 1152 4.4216284784950028e-05
1152 1155 -4.4216284784950028e-05
1155 1155 4.4216284784950028e-05
1153 1153 3.6962778801442569e-05
1153 1155 -3.6962778801442569e-05
1155 1155 3.6962778801442569e-05
1154 1154 2.4853494070157437e-05
1154 1155 -2.4853494070157437e-05
1155 1155 2.4853494070157437e-05
1156 1156 5.1409447808268293e-05
1156 1157 -5.1409447808268293e-05
1157 1157 5.1409447808268293e-05
1156 1156 4.2224473995865718e-05
1156 1158 -4.2224473995865718e-05
1158 1158 4.2224473995865718e-05
1157 1157 8.1776523752544831e-05
1157 1158 -8.1776523752544831e-05
1158 1158 8.1776523752544831e-05
1156 1156 7.4198342436309055e-05
1156 1159 -7.4198342436309055e-05
1159 1159 7.4198342436309055e-05
1157 1157 4.0288046268923085e-05
1157 1159 -4.0288046268923085e-05
1159 1159 4.0288046268923085e-05
1158 1158 2.9774714317855293e-05
1158 1159 -2.9774714317855293e-05
1159 1159 2.9774714317855293e-05
1160 1160 7.8686367142743899e-05
1160 1161 -7.8686367142743899e-05
1161 1161 7.8686367142743899e-05
1160 1160 7.1681296986546677e-05
1160 1162 -7.1681296986546677e-05
1162 1162 7.1681296986546677e-05
1161 1161 7.1697443734015503e-05
1161 1162 -7.1697443734015503e-05
1162 1162 7.1697443734015503e-05
1160 1160 6.1974653450307441e-05
1160 1163 -6.1974653450307441e-05
1163 1163 6.1974653450307441e-05
1161 1161 5.0609690641463462e-05
1161 1163 -5.0609690641463462e-05
1163 1163 5.0609690641463462e-05
1162 1162 3.4527939941572035e-05
1162 1163 -3.4527939941572035e-05
1163 1163 3.4527939941572035e-05
1164 1164 8.7949245843738915e-05
1164 1165 -8.7949245843738915e-05
1165 1165 8.7949245843738915e-05
1164 1164 0.00010038462967522125
1164 1166 -0.00010038462967522125
1166 1166 0.00010038462967522125
1165 1165 5.2256974050492576e-05
1165 1166 -5.2256974050492576e-05
1166 1166 5.2256974050492576e-05
1167 1167 0.00011594479834440049
1167 1168 -0.00011594479834440049
1168 1168 0.00011594479834440049
1167 1167 5.1798999230796773e-05
1167 1169 -5.1798999230796773e-05
1169 1169 5.1798999230796773e-05
1168 1168 9.026222229112531e-05
1168 1169 -9.026222229112531e-05
1169 1169 9.026222229112531e-05
1167 1167 0.00013255768540979755
1167 1170 -0.00013255768540979755
1170 1170 0.00013255768540979755
1171 1171 5.0287543349900413e-05
1171 1172 -5.0287543349900413e-05
1172 1172 5.0287543349900413e-05
1171 1171 0.00010956944526186216
1171 1173 -0.00010956944526186216
1173 1173 0.00010956944526186216
1172 1172 5.356463247661146e-05
1172 1173 -5.356463247661146e-05
1173 1173 5.356463247661146e-05
1174 1174 6.6222311840744718e-05
1174 1175 -6.6222311840744718e-05
1175 1175 6.6222311840744718e-05
1174 1174 3.4954259225387132e-05
1174 1176 -3.4954259225387132e-05
1176 1176 3.4954259225387132e-05
1175 1175 3.4169990260577515e-05
1175 1176 -3.4169990260577515e-05
1176 1176 3.4169990260577515e-05
1174 1174 4.6290993737209883e-05
1174 1177 -4.6290993737209883e-05
1177 1177 4.6290993737209883e-05
1175 1175 3.4311877180806497e-05
1175 1177 -3.4311877180806497e-05
1177 1177 3.4311877180806497e-05
1176 1176 7.4910883078154641e-05
1176 1177 -7.4910883078154641e-05
1177 1177 7.4910883078154641e-05
1178 1178 3.4233184044671724e-05
1178 1180 -3.4233184044671724e-05
1180 1180 3.4233184044671724e-05
1179 1179 5.5972289539241587e-05
1179 1180 -5.5972289539241587e-05
1180 1180 5.5972289539241587e-05
1178 1178 5.4284714789487044e-05
1178 1181 -5.4284714789487044e-05
1181 1181 5.4284714789487044e-05
1179 1179 0.00022487193790852769
1179 1181 -0.00022487193790852769
1181 1181 0.00022487193790852769
1180 1180 5.5616945288195753e-05
1180 1181 -5.5616945288195753e-05
1181 1181 5.5616945288195753e-05
1178 1178 0.00015666926793334675
1178 1182 -0.00015666926793334675
1182 1182 0.00015666926793334675
1181 1181 5.1406739948503744e-05
1181 1182 -5.1406739948503744e-05
1182 1182 5.1406739948503744e-05
1178 1178 3.1327315483172172e-05
1178 1183 -3.1327315483172172e-05
1183 1183 3.1327315483172172e-05
1180 1180 5.6317503338129134e-05
1180 1183 -5.6317503338129134e-05
1183 1183 5.6317503338129134e-05
1181 1181 3.2499799959294643e-05
1181 1183 -3.2499799959294643e-05
1183 1183 3.2499799959294643e-05
1184 1184 5.6861249278682226e-05
1184 1185 -5.6861249278682226e-05
1185 1185 5.6861249278682226e-05
1184 1184 4.6552675483694469e-05
1184 1186 -4.6552675483694469e-05
1186 1186 4.6552675483694469e-05
1185 1185 0.0001097858079985678
1185 1186 -0.0001097858079985678
1186 1186 0.0001097858079985678
1187 1187 8.4000782169954546e-05
1187 1188 -8.4000782169954546e-05
1188 1188 8.4000782169954546e-05
1187 1187 3.7132203928381366e-05
1187 1189 -3.7132203928381366e-05
1189 1189 3.7132203928381366e-05
1188 1188 5.7936812558067722e-05
1188 1189 -5.7936812558067722e-05
1189 1189 5.7936812558067722e-05
1187 1187 5.7762033377535287e-05
1187 1190 -5.7762033377535287e-05
1190 1190 5.7762033377535287e-05
1188 1188 5.0120291210769238e-05
1188 1190 -5.0120291210769238e-05
1190 1190 5.0120291210769238e-05
1189 1189 4.4252667967397271e-05
1189 1190 -4.4252667967397271e-05
1190 1190 4.4252667967397271e-05
1191 1191 3.5740020930940595e-05
1191 1192 -3.5740020930940595e-05
1192 1192 3.5740020930940595e-05
1191 1191 4.8102106700359819e-05
1191 1193 -4.8102106700359819e-05
1193 1193 4.8102106700359819e-05
1192 1192 5.569670373292512e-05
1192 1193 -5.569670373292512e-05
1193 1193 5.569670373292512e-05
1194 1194 2.9833616550613688e-05
1194 1196 -2.9833616550613688e-05
1196 1196 2.9833616550613688e-05
1195 1195 5.9381702534874601e-05
1195 1196 -5.9381702534874601e-05
1196 1196 5.9381702534874601e-05
1194 1194 1.9692746780139904e-05
1194 1197 -1.9692746780139904e-05
1197 1197 1.9692746780139904e-05
1195 1195 1.3879553343854819e-05
1195 1197 -1.3879553343854819e-05
1197 1197 1.3879553343854819e-05
1196 1196 1.6290908789530308e-05
1196 1197 -1.6290908789530308e-05
1197 1197 1.6290908789530308e-05
1194 1194 1.4884747823078159e-05
1194 1198 -1.4884747823078159e-05
1198 1198 1.4884747823078159e-05
1195 1195 2.1709943576945146e-05
1195 1198 -2.1709943576945146e-05
1198 1198 2.1709943576945146e-05
1196 1196 2.0538256106123985e-05
1196 1198 -2.0538256106123985e-05
1198 1198 2.0538256106123985e-05
1197 1197 2.0035712767661286e-05
1197 1198 -2.0035712767661286e-05
1198 1198 2.0035712767661286e-05
1199 1199 3.9610549632093712e-05
1199 1200 -3.9610549632093712e-05
1200 1200 3.9610549632093712e-05
1199 1199 6.3858161328509468e-05
1199 1201 -6.3858161328509468e-05
1201 1201 6.3858161328509468e-05
1200 1200 8.9382685368718761e-05
1200 1201 -8.9382685368718761e-05
1201 1201 8.9382685368718761e-05
1199 1199 0.00012270658908239768
1199 1202 -0.00012270658908239768
1202 1202 0.00012270658908239768
1201 1201 7.9178757298609611e-05
1201 1202 -7.9178757298609611e-05
1202 1202 7.9178757298609611e-05
1199 1199 3.941554451676321e-05
1199 1203 -3.941554451676321e-05
1203 1203 3.941554451676321e-05
1200 1200 9.6832636707146652e-05
1200 1203 -9.6832636707146652e-05
1203 1203 9.6832636707146652e-05
1201 1201 5.9526951534506169e-05
1201 1203 -5.9526951534506169e-05
1203 1203 5.9526951534506169e-05
1202 1202 3.6852411502164807e-05
1202 1203 -3.6852411502164807e-05
1203 1203 3.6852411502164807e-05
1199 1199 0.00015968612067357088
1199 1204 -0.00015968612067357088
1204 1204 0.00015968612067357088
1200 1200 4.0223116392330267e-05
1200 1204 -4.0223116392330267e-05
1204 1204 4.0223116392330267e-05
1201 1201 5.7257813412603303e-05
1201 1204 -5.7257813412603303e-05
1204 1204 5.7257813412603303e-05
1202 1202 7.1885054408073052e-05
1202 1204 -7.1885054408073052e-05
1204 1204 7.1885054408073052e-05
1203 1203 4.4531414092641786e-05
1203 1204 -4.4531414092641786e-05
1204 1204 4.4531414092641786e-05
1205 1205 6.4378132632829225e-05
1205 1206 -6.4378132632829225e-05
1206 1206 6.4378132632829225e-05
1205 1205 3.8702996338037935e-05
1205 1207 -3.8702996338037935e-05
1207 1207 3.8702996338037935e-05
1206 1206 2.7149345282017615e-05
1206 1207 -2.7149345282017615e-05
1207 1207 2.7149345282017615e-05
1205 1205 6.7524973940264618e-05
1205 1208 -6.7524973940264618e-05
1208 1208 6.7524973940264618e-05
1206 1206 4.7077474630069449e-05
1206 1208 -4.7077474630069449e-05
1208 1208 4.7077474630069449e-05
1207 1207 2.556044317885054e-05
1207 1208 -2.556044317885054e-05
1208 1208 2.556044317885054e-05
1209 1209 3.4233578124106919e-05
1209 1210 -3.4233578124106919e-05
1210 1210 3.4233578124106919e-05
1211 1211 3.1929211291801471e-05
1211 1212 -3.1929211291801471e-05
1212 1212 3.1929211291801471e-05
1211 1211 6.8779638455789173e-05
1211 1213 -6.8779638455789173e-05
1213 1213 6.8779638455789173e-05
1212 1212 3.3282383289436198e-05
1212 1213 -3.3282383289436198e-05
1213 1213 3.3282383289436198e-05
1214 1214 2.2581323434832651e-05
1214 1215 -2.2581323434832651e-05
1215 1215 2.2581323434832651e-05
1214 1214 4.1281681533701734e-05
1214 1216 -4.1281681533701734e-05
1216 1216 4.1281681533701734e-05
1215 1215 4.272214347576093e-05
1215 1216 -4.272214347576093e-05
1216 1216 4.272214347576093e-05
1214 1214 2.1207904537461848e-05
1214 1217 -2.1207904537461848e-05
1217 1217 2.1207904537461848e-05
1215 1215 3.1892777299133207e-05
1215 1217 -3.1892777299133207e-05
1217 1217 3.1892777299133207e-05
1216 1216 3.9321651102827271e-05
1216 1217 -3.9321651102827271e-05
1217 1217 3.9321651102827271e-05
1214 1214 2.4704383742283998e-05
1214 1218 -2.4704383742283998e-05
1218 1218 2.4704383742283998e-05
1215 1215 2.4769306682165462e-05
1215 1218 -2.4769306682165462e-05
1218 1218 2.4769306682165462e-05
1216 1216 2.3478953645993324e-05
1216 1218 -2.3478953645993324e-05
1218 1218 2.3478953645993324e-05
1217 1217 1.5245446833736284e-05
1217 1218 -1.5245446833736284e-05
1218 1218 1.5245446833736284e-05
1219 1219 2.6641700405230302e-05
1219 1220 -2.6641700405230302e-05
1220 1220 2.6641700405230302e-05
1221 1221 7.2896593881339262e-05
1221 1222 -7.2896593881339262e-05
1222 1222 7.2896593881339262e-05
1221 1221 9.5881492258202244e-05
1221 1223 -9.5881492258202244e-05
1223 1223 9.5881492258202244e-05
1222 1222 7.0595538468352248e-05
1222 1223 -7.0595538468352248e-05
1223 1223 7.0595538468352248e-05
1222 1222 5.6492418719948722e-05
1222 1224 -5.6492418719948722e-05
1224 1224 5.6492418719948722e-05
1223 1223 0.00010894187664366293
1223 1224 -0.00010894187664366293
1224 1224 0.00010894187664366293
1221 1221 0.00013340791621832226
1221 1225 -0.00013340791621832226
1225 1225 0.00013340791621832226
1223 1223 6.5715425559482012e-05
1223 1225 -6.5715425559482012e-05
1225 1225 6.5715425559482012e-05
1222 1222 9.4128389566452018e-05
1222 1226 -9.4128389566452018e-05
1226 1226 9.4128389566452018e-05
1223 1223 4.1353001574324237e-05
1223 1226 -4.1353001574324237e-05
1226 1226 4.1353001574324237e-05
1224 1224 3.9756649330514992e-05
1224 1226 -3.9756649330514992e-05
1226 1226 3.9756649330514992e-05
1221 1221 4.1685614340777189e-05
1221 1227 -4.1685614340777189e-05
1227 1227 4.1685614340777189e-05
1222 1222 7.879338186794875e-05
1222 1227 -7.879338186794875e-05
1227 1227 7.879338186794875e-05
1223 1223 5.4189019078090527e-05
1223 1227 -5.4189019078090527e-05
1227 1227 5.4189019078090527e-05
1224 1224 6.7337216235000699e-05
1224 1227 -6.7337216235000699e-05
1227 1227 6.7337216235000699e-05
1226 1226 7.633642970362561e-05
1226 1227 -7.633642970362561e-05
1227 1227 7.633642970362561e-05
1228 1228 2.1538693235884051e-05
1228 1229 -2.1538693235884051e-05
1229 1229 2.1538693235884051e-05
1230 1230 7.4014385295376536e-05
1230 1231 -7.4014385295376536e-05
1231 1231 7.4014385295376536e-05
1230 1230 4.0087030123822305e-05
1230 1232 -4.0087030123822305e-05
1232 1232 4.0087030123822305e-05
1231 1231 6.929688670939201e-05
1231 1232 -6.929688670939201e-05
1232 1232 6.929688670939201e-05
1230 1230 4.853804010948787e-05
1230 1233 -4.853804010948787e-05
1233 1233 4.853804010948787e-05
1231 1231 3.4918506546092215e-05
1231 1233 -3.4918506546092215e-05
1233 1233 3.4918506546092215e-05
1232 1232 3.2393052598424605e-05
1232 1233 -3.2393052598424605e-05
1233 1233 3.2393052598424605e-05
1234 1234 5.1330293740722784e-05
1234 1235 -5.1330293740722784e-05
1235 1235 5.1330293740722784e-05
1236 1236 6.6748038807665379e-05
1236 1237 -6.6748038807665379e-05
1237 1237 6.6748038807665379e-05
1236 1236 8.0049299419275891e-05
1236 1238 -8.0049299419275891e-05
1238 1238 8.0049299419275891e-05
1237 1237 5.1940619607719693e-05
1237 1238 -5.1940619607719693e-05
1238 1238 5.1940619607719693e-05
1236 1236 0.00017183326460441873
1236 1239 -0.00017183326460441873
1239 1239 0.00017183326460441873
1237 1237 5.1217675118694403e-05
1237 1239 -5.1217675118694403e-05
1239 1239 5.1217675118694403e-05
1238 1238 0.00010570523016297224
1238 1239 -0.00010570523016297224
1239 1239 0.00010570523016297224
1240 1240 8.9510244501272719e-05
1240 1241 -8.9510244501272719e-05
1241 1241 8.9510244501272719e-05
1242 1242 0.00019135551015146086
1242 1243 -0.00019135551015146086
1243 1243 0.00019135551015146086
1243 1243 2.5812404297511617e-05
1243 1244 -2.5812404297511617e-05
1244 1244 2.5812404297511617e-05
1243 1243 2.7309663744880211e-05
1243 1245 -2.7309663744880211e-05
1245 1245 2.7309663744880211e-05
1244 1244 4.0474308188402863e-05
1244 1245 -4.0474308188402863e-05
1245 1245 4.0474308188402863e-05
1242 1242 5.8464114388427442e-05
1242 1246 -5.8464114388427442e-05
1246 1246 5.8464114388427442e-05
1243 1243 5.3056043094199828e-05
1243 1246 -5.3056043094199828e-05
1246 1246 5.3056043094199828e-05
1244 1244 2.5732011500286404e-05
1244 1246 -2.5732011500286404e-05
1246 1246 2.5732011500286404e-05
1245 1245 4.0467469513202179e-05
1245 1246 -4.0467469513202179e-05
1246 1246 4.0467469513202179e-05
1247 1247 4.6921294244727162e-05
1247 1248 -4.6921294244727162e-05
1248 1248 4.6921294244727162e-05
1247 1247 6.1341576319981505e-05
1247 1249 -6.1341576319981505e-05
1249 1249 6.1341576319981505e-05
1248 1248 2.8399084190972906e-05
1248 1249 -2.8399084190972906e-05
1249 1249 2.8399084190972906e-05
1250 1250 0.00025965924545638122
1250 1251 -0.00025965924545638122
1251 1251 0.00025965924545638122
1250 1250 7.7598901328947037e-05
1250 1252 -7.7598901328947037e-05
1252 1252 7.7598901328947037e-05
1250 1250 7.3713799764067611e-05
1250 1253 -7.3713799764067611e-05
1253 1253 7.3713799764067611e-05
1251 1251 9.3765127535930799e-05
1251 1253 -9.3765127535930799e-05
1253 1253 9.3765127535930799e-05
1252 1252 4.5221613558773341e-05
1252 1253 -4.5221613558773341e-05
1253 1253 4.5221613558773341e-05
1250 1250 7.7606028367167965e-05
1250 1254 -7.7606028367167965e-05
1254 1254 7.7606028367167965e-05
1251 1251 6.3877328517539952e-05
1251 1254 -6.3877328517539952e-05
1254 1254 6.3877328517539952e-05
1252 1252 5.9843765594557188e-05
1252 1254 -5.9843765594557188e-05
1254 1254 5.9843765594557188e-05
1255 1255 5.131739012736826e-05
1255 1256 -5.131739012736826e-05
1256 1256 5.131739012736826e-05
1256 1256 0.00014234081774230177
1256 1257 -0.00014234081774230177
1257 1257 0.00014234081774230177
1255 1255 5.8655225958596323e-05
1255 1258 -5.8655225958596323e-05
1258 1258 5.8655225958596323e-05
1256 1256 5.0441930490708234e-05
1256 1258 -5.0441930490708234e-05
1258 1258 5.0441930490708234e-05
1257 1257 3.9838050585815573e-05
1257 1258 -3.9838050585815573e-05
1258 1258 3.9838050585815573e-05
1259 1259 7.1240418250993602e-05
1259 1260 -7.1240418250993602e-05
1260 1260 7.1240418250993602e-05
1259 1259 5.0049801434622931e-05
1259 1261 -5.0049801434622931e-05
1261 1261 5.0049801434622931e-05
1260 1260 6.7302083100173824e-05
1260 1261 -6.7302083100173824e-05
1261 1261 6.7302083100173824e-05
1262 1262 0.00014005612236713054
1262 1263 -0.00014005612236713054
1263 1263 0.00014005612236713054
1262 1262 6.8767906126573501e-05
1262 1264 -6.8767906126573501e-05
1264 1264 6.8767906126573501e-05
1263 1263 5.9341456747689705e-05
1263 1264 -5.9341456747689705e-05
1264 1264 5.9341456747689705e-05
1262 1262 3.7982433772091559e-05
1262 1265 -3.7982433772091559e-05
1265 1265 3.7982433772091559e-05
1263 1263 3.2724225815095559e-05
1263 1265 -3.2724225815095559e-05
1265 1265 3.2724225815095559e-05
1264 1264 2.5631707504535998e-05
1264 1265 -2.5631707504535998e-05
1265 1265 2.5631707504535998e-05
1262 1262 4.1049256010400819e-05
1262 1266 -4.1049256010400819e-05
1266 1266 4.1049256010400819e-05
1263 1263 4.148850577624051e-05
1263 1266 -4.148850577624051e-05
1266 1266 4.148850577624051e-05
1265 1265 5.6275174575997605e-05
1265 1266 -5.6275174575997605e-05
1266 1266 5.6275174575997605e-05
1262 1262 4.152734850228455e-05
1262 1267 -4.152734850228455e-05
1267 1267 4.152734850228455e-05
1264 1264 3.3100846354209791e-05
1264 1267 -3.3100846354209791e-05
1267 1267 3.3100846354209791e-05
1265 1265 5.2896821480040848e-05
1265 1267 -5.2896821480040848e-05
1267 1267 5.2896821480040848e-05
1266 1266 3.0677852178664357e-05
1266 1267 -3.0677852178664357e-05
1267 1267 3.0677852178664357e-05
1268 1268 5.7093188500978881e-05
1268 1269 -5.7093188500978881e-05
1269 1269 5.7093188500978881e-05
1268 1268 3.5307921083772736e-05
1268 1270 -3.5307921083772736e-05
1270 1270 3.5307921083772736e-05
1269 1269 3.4759351840109426e-05
1269 1270 -3.4759351840109426e-05
1270 1270 3.4759351840109426e-05
1271 1271 8.3690932818660389e-05
1271 1272 -8.3690932818660389e-05
1272 1272 8.3690932818660389e-05
1271 1271 9.6095961261364853e-05
1271 1273 -9.6095961261364853e-05
1273 1273 9.6095961261364853e-05
1272 1272 8.2726912626631568e-05
1272 1273 -8.2726912626631568e-05
1273 1273 8.2726912626631568e-05
1274 1274 0.00010029875580404013
1274 1275 -0.00010029875580404013
1275 1275 0.00010029875580404013
1274 1274 6.5505588788308044e-05
1274 1276 -6.5505588788308044e-05
1276 1276 6.5505588788308044e-05
1275 1275 5.8907879674070183e-05
1275 1276 -5.8907879674070183e-05
1276 1276 5.8907879674070183e-05
1277 1277 3.5039190726804075e-05
1277 1278 -3.5039190726804075e-05
1278 1278 3.5039190726804075e-05
1279 1279 4.7418260919085151e-05
1279 1280 -4.7418260919085151e-05
1280 1280 4.7418260919085151e-05
1281 1281 5.2079412555763383e-05
1281 1282 -5.2079412555763383e-05
1282 1282 5.2079412555763383e-05
1281 1281 4.83166521453162e-05
1281 1283 -4.83166521453162e-05
1283 1283 4.83166521453162e-05
1282 1282 3.0060140642716454e-05
1282 1283 -3.0060140642716454e-05
1283 1283 3.0060140642716454e-05
1281 1281 3.3315425783231415e-05
1281 1284 -3.3315425783231415e-05
1284 1284 3.3315425783231415e-05
1282 1282 3.7952333914576726e-05
1282 1284 -3.7952333914576726e-05
1284 1284 3.7952333914576726e-05
1283 1283 4.1545562134931807e-05
1283 1284 -4.1545562134931807e-05
1284 1284 4.1545562134931807e-05
1281 1281 4.5815925754812226e-05
1281 1285 -4.5815925754812226e-05
1285 1285 4.5815925754812226e-05
1282 1282 5.8863622063102928e-05
1282 1285 -5.8863622063102928e-05
1285 1285 5.8863622063102928e-05
1286 1286 4.062497496122215e-05
1286 1287 -4.062497496122215e-05
1287 1287 4.062497496122215e-05
1286 1286 3.5379647301168336e-05
1286 1288 -3.5379647301168336e-05
1288 1288 3.5379647301168336e-05
1287 1287 5.6526882068713874e-05
1287 1288 -5.6526882068713874e-05
1288 1288 5.6526882068713874e-05
1288 1288 0.00033401138348733054
1288 1289 -0.00033401138348733054
1289 1289 0.00033401138348733054
1286 1286 8.3826431372372102e-05
1286 1290 -8.3826431372372102e-05
1290 1290 8.3826431372372102e-05
1287 1287 3.712017519792037e-05
1287 1290 -3.712017519792037e-05
1290 1290 3.712017519792037e-05
1288 1288 4.457895217989343e-05
1288 1290 -4.457895217989343e-05
1290 1290 4.457895217989343e-05
1286 1286 5.1567956119480615e-05
1286 1291 -5.1567956119480615e-05
1291 1291 5.1567956119480615e-05
1287 1287 5.2761468105614402e-05
1287 1291 -5.2761468105614402e-05
1291 1291 5.2761468105614402e-05
1288 1288 2.9762052677225738e-05
1288 1291 -2.9762052677225738e-05
1291 1291 2.9762052677225738e-05
1290 1290 3.4154873844504981e-05
1290 1291 -3.4154873844504981e-05
1291 1291 3.4154873844504981e-05
1287 1287 0.00010223893942665438
1287 1292 -0.00010223893942665438
1292 1292 0.00010223893942665438
1288 1288 4.7624152671039612e-05
1288 1292 -4.7624152671039612e-05
1292 1292 4.7624152671039612e-05
1291 1291 3.7752965101144807e-05
1291 1292 -3.7752965101144807e-05
1292 1292 3.7752965101144807e-05
1293 1293 7.2246043922194223e-05
1293 1294 -7.2246043922194223e-05
1294 1294 7.2246043922194223e-05
1293 1293 6.4762429482417838e-05
1293 1295 -6.4762429482417838e-05
1295 1295 6.4762429482417838e-05
1294 1294 3.650169453295845e-05
1294 1295 -3.650169453295845e-05
1295 1295 3.650169453295845e-05
1293 1293 3.7933783234089311e-05
1293 1296 -3.7933783234089311e-05
1296 1296 3.7933783234089311e-05
1294 1294 3.6643655307593238e-05
1294 1296 -3.6643655307593238e-05
1296 1296 3.6643655307593238e-05
1295 1295 2.5155033791949737e-05
1295 1296 -2.5155033791949737e-05
1296 1296 2.5155033791949737e-05
1294 1294 6.2864553406465307e-05
1294 1297 -6.2864553406465307e-05
1297 1297 6.2864553406465307e-05
1296 1296 3.2141763806134066e-05
1296 1297 -3.2141763806134066e-05
1297 1297 3.2141763806134066e-05
1298 1298 4.7861838667564528e-05
1298 1299 -4.7861838667564528e-05
1299 1299 4.7861838667564528e-05
1298 1298 4.0030143678907809e-05
1298 1300 -4.0030143678907809e-05
1300 1300 4.0030143678907809e-05
1299 1299 3.8361787478554561e-05
1299 1300 -3.8361787478554561e-05
1300 1300 3.8361787478554561e-05
1301 1301 3.5172951505508669e-05
1301 1302 -3.5172951505508669e-05
1302 1302 3.5172951505508669e-05
1301 1301 7.109332773318169e-05
1301 1303 -7.109332773318169e-05
1303 1303 7.109332773318169e-05
1302 1302 4.0748655579916901e-05
1302 1303 -4.0748655579916901e-05
1303 1303 4.0748655579916901e-05
1302 1302 0.0003034040743567636
1302 1304 -0.0003034040743567636
1304 1304 0.0003034040743567636
1301 1301 3.5315734035844812e-05
1301 1305 -3.5315734035844812e-05
1305 1305 3.5315734035844812e-05
1302 1302 3.4788785190971527e-05
1302 1305 -3.4788785190971527e-05
1305 1305 3.4788785190971527e-05
1303 1303 2.6684568125072385e-05
1303 1305 -2.6684568125072385e-05
1305 1305 2.6684568125072385e-05
1301 1301 0.00010526505869558972
1301 1306 -0.00010526505869558972
1306 1306 0.00010526505869558972
1303 1303 4.8443050068033809e-05
1303 1306 -4.8443050068033809e-05
1306 1306 4.8443050068033809e-05
1305 1305 2.9518257553537753e-05
1305 1306 -2.9518257553537753e-05
1306 1306 2.9518257553537753e-05
1307 1307 6.2278668963813776e-05
1307 1308 -6.2278668963813776e-05
1308 1308 6.2278668963813776e-05
1307 1307 8.3960415752447784e-05
1307 1309 -8.3960415752447784e-05
1309 1309 8.3960415752447784e-05
1308 1308 4.7845361933694149e-05
1308 1309 -4.7845361933694149e-05
1309 1309 4.7845361933694149e-05
1310 1310 6.8570579368838348e-05
1310 1311 -6.8570579368838348e-05
1311 1311 6.8570579368838348e-05
1310 1310 4.3817528476072017e-05
1310 1312 -4.3817528476072017e-05
1312 1312 4.3817528476072017e-05
1311 1311 3.4002481858658386e-05
1311 1312 -3.4002481858658386e-05
1312 1312 3.4002481858658386e-05
1313 1313 4.4426405844549574e-05
1313 1314 -4.4426405844549574e-05
1314 1314 4.4426405844549574e-05
1313 1313 5.6945195231601242e-05
1313 1315 -5.6945195231601242e-05
1315 1315 5.6945195231601242e-05
1314 1314 2.5812869260488378e-05
1314 1315 -2.5812869260488378e-05
1315 1315 2.5812869260488378e-05
1313 1313 2.7674167769017309e-05
1313 1316 -2.7674167769017309e-05
1316 1316 2.7674167769017309e-05
1314 1314 5.6048206911600073e-05
1314 1316 -5.6048206911600073e-05
1316 1316 5.6048206911600073e-05
1315 1315 2.0517540396518092e-05
1315 1316 -2.0517540396518092e-05
1316 1316 2.0517540396518092e-05
1313 1313 6.0970938288260538e-05
1313 1317 -6.0970938288260538e-05
1317 1317 6.0970938288260538e-05
1314 1314 4.4429774332114254e-05
1314 1317 -4.4429774332114254e-05
1317 1317 4.4429774332114254e-05
1315 1315 3.1214122139488474e-05
1315 1317 -3.1214122139488474e-05
1317 1317 3.1214122139488474e-05
1318 1318 5.6560935615276905e-05
1318 1319 -5.6560935615276905e-05
1319 1319 5.6560935615276905e-05
1318 1318 9.4206872968194259e-05
1318 1320 -9.4206872968194259e-05
1320 1320 9.4206872968194259e-05
1319 1319 3.6329633777194399e-05
1319 1320 -3.6329633777194399e-05
1320 1320 3.6329633777194399e-05
1321 1321 3.8244557472428573e-05
1321 1322 -3.8244557472428573e-05
1322 1322 3.8244557472428573e-05
1323 1323 5.6530935679850152e-05
1323 1324 -5.6530935679850152e-05
1324 1324 5.6530935679850152e-05
1323 1323 8.4981088322102119e-05
1323 1325 -8.4981088322102119e-05
1325 1325 8.4981088322102119e-05
1324 1324 5.7991250625574135e-05
1324 1325 -5.7991250625574135e-05
1325 1325 5.7991250625574135e-05
1324 1324 4.611692198998912e-05
1324 1326 -4.611692198998912e-05
1326 1326 4.611692198998912e-05
1325 1325 8.8560180296601575e-05
1325 1326 -8.8560180296601575e-05
1326 1326 8.8560180296601575e-05
1323 1323 5.6244936040226563e-05
1323 1327 -5.6244936040226563e-05
1327 1327 5.6244936040226563e-05
1324 1324 0.00011358072007959872
1324 1327 -0.00011358072007959872
1327 1327 0.00011358072007959872
1325 1325 4.4465083229300048e-05
1325 1327 -4.4465083229300048e-05
1327 1327 4.4465083229300048e-05
1328 1328 5.8855161186788117e-05
1328 1329 -5.8855161186788117e-05
1329 1329 5.8855161186788117e-05
1328 1328 6.7163934456681909e-05
1328 1330 -6.7163934456681909e-05
1330 1330 6.7163934456681909e-05
1329 1329 6.5642958536096246e-05
1329 1330 -6.5642958536096246e-05
1330 1330 6.5642958536096246e-05
1329 1329 0.00033851351971072024
1329 1331 -0.00033851351971072024
1331 1331 0.00033851351971072024
1328 1328 3.3980482763886216e-05
1328 1332 -3.3980482763886216e-05
1332 1332 3.3980482763886216e-05
1329 1329 4.6562392656545576e-05
1329 1332 -4.6562392656545576e-05
1332 1332 4.6562392656545576e-05
1330 1330 6.6493273186705342e-05
1330 1332 -6.6493273186705342e-05
1332 1332 6.6493273186705342e-05
1328 1328 0.0017523369219932864
1328 1333 -0.0017523369219932864
1333 1333 0.0017523369219932864
1328 1328 3.7280968549686439e-05
1328 1334 -3.7280968549686439e-05
1334 1334 3.7280968549686439e-05
1329 1329 3.829213115167238e-05
1329 1334 -3.829213115167238e-05
1334 1334 3.829213115167238e-05
1330 1330 7.8794462133079137e-05
1330 1334 -7.8794462133079137e-05
1334 1334 7.8794462133079137e-05
1332 1332 8.7167801518448266e-05
1332 1334 -8.7167801518448266e-05
1334 1334 8.7167801518448266e-05
1335 1335 0.00011717580429504776
1335 1336 -0.00011717580429504776
1336 1336 0.00011717580429504776
1335 1335 8.8854602243548014e-05
1335 1337 -8.8854602243548014e-05
1337 1337 8.8854602243548014e-05
1335 1335 3.9999351550506284e-05
1335 1338 -3.9999351550506284e-05
1338 1338 3.9999351550506284e-05
1336 1336 3.5807986128261532e-05
1336 1338 -3.5807986128261532e-05
1338 1338 3.5807986128261532e-05
1337 1337 3.5330959394161102e-05
1337 1338 -3.5330959394161102e-05
1338 1338 3.5330959394161102e-05
1339 1339 7.0692525495878535e-05
1339 1340 -7.0692525495878535e-05
1340 1340 7.0692525495878535e-05
1339 1339 4.6586834518296803e-05
1339 1341 -4.6586834518296803e-05
1341 1341 4.6586834518296803e-05
1340 1340 4.8905941826416742e-05
1340 1341 -4.8905941826416742e-05
1341 1341 4.8905941826416742e-05
1339 1339 5.7796039991981454e-05
1339 1342 -5.7796039991981454e-05
1342 1342 5.7796039991981454e-05
1341 1341 2.8932134797825622e-05
1341 1342 -2.8932134797825622e-05
1342 1342 2.8932134797825622e-05
1343 1343 4.3851463474171521e-05
1343 1344 -4.3851463474171521e-05
1344 1344 4.3851463474171521e-05
1343 1343 3.4074299729319332e-05
1343 1345 -3.4074299729319332e-05
1345 1345 3.4074299729319332e-05
1344 1344 3.5050127513537921e-05
1344 1345 -3.5050127513537921e-05
1345 1345 3.5050127513537921e-05
1347 1347 2.8656297429709528e-05
1347 1348 -2.8656297429709528e-05
1348 1348 2.8656297429709528e-05
1349 1349 0.00012790654642734622
1349 1350 -0.00012790654642734622
1350 1350 0.00012790654642734622
1349 1349 7.0023060656315816e-05
1349 1351 -7.0023060656315816e-05
1351 1351 7.0023060656315816e-05
1350 1350 8.1132916043596834e-05
1350 1351 -8.1132916043596834e-05
1351 1351 8.1132916043596834e-05
1349 1349 5.1449987174919041e-05
1349 1352 -5.1449987174919041e-05
1352 1352 5.1449987174919041e-05
1350 1350 4.5876417013048278e-05
1350 1352 -4.5876417013048278e-05
1352 1352 4.5876417013048278e-05
1351 1351 8.4487823624205654e-05
1351 1352 -8.4487823624205654e-05
1352 1352 8.4487823624205654e-05
1349 1349 4.9846223060958928e-05
1349 1353 -4.9846223060958928e-05
1353 1353 4.9846223060958928e-05
1351 1351 3.7189838505402948e-05
1351 1353 -3.7189838505402948e-05
1353 1353 3.7189838505402948e-05
1352 1352 4.7466175165359095e-05
1352 1353 -4.7466175165359095e-05
1353 1353 4.7466175165359095e-05
1354 1354 4.9439288018137699e-05
1354 1355 -4.9439288018137699e-05
1355 1355 4.9439288018137699e-05
1354 1354 5.3541272768347204e-05
1354 1356 -5.3541272768347204e-05
1356 1356 5.3541272768347204e-05
1355 1355 4.1768588297767893e-05
1355 1356 -4.1768588297767893e-05
1356 1356 4.1768588297767893e-05
1355 1355 0.00016039696051919585
1355 1357 -0.00016039696051919585
1357 1357 0.00016039696051919585
1354 1354 6.2533620880143162e-05
1354 1358 -6.2533620880143162e-05
1358 1358 6.2533620880143162e-05
1355 1355 4.4555204090521057e-05
1355 1358 -4.4555204090521057e-05
1358 1358 4.4555204090521057e-05
1356 1356 2.9759509861574941e-05
1356 1358 -2.9759509861574941e-05
1358 1358 2.9759509861574941e-05
1357 1357 3.7373765488899904e-05
1357 1358 -3.7373765488899904e-05
1358 1358 3.7373765488899904e-05
1354 1354 6.7166176877883055e-05
1354 1359 -6.7166176877883055e-05
1359 1359 6.7166176877883055e-05
1356 1356 4.1287127210903073e-05
1356 1359 -4.1287127210903073e-05
1359 1359 4.1287127210903073e-05
1358 1358 3.7988771619044162e-05
1358 1359 -3.7988771619044162e-05
1359 1359 3.7988771619044162e-05
1360 1360 5.0490105984970447e-05
1360 1361 -5.0490105984970447e-05
1361 1361 5.0490105984970447e-05
1360 1360 5.94405501015027e-05
1360 1362 -5.94405501015027e-05
1362 1362 5.94405501015027e-05
1361 1361 7.6636454057429747e-05
1361 1362 -7.6636454057429747e-05
1362 1362 7.6636454057429747e-05
1360 1360 7.6413135627898332e-05
1360 1363 -7.6413135627898332e-05
1363 1363 7.6413135627898332e-05
1361 1361 7.5997999427133078e-05
1361 1363 -7.5997999427133078e-05
1363 1363 7.5997999427133078e-05
1362 1362 5.0508121940028446e-05
1362 1363 -5.0508121940028446e-05
1363 1363 5.0508121940028446e-05
1364 1364 4.7753380420793366e-05
1364 1365 -4.7753380420793366e-05
1365 1365 4.7753380420793366e-05
1364 1364 3.3399307854305779e-05
1364 1366 -3.3399307854305779e-05
1366 1366 3.3399307854305779e-05
1365 1365 4.969185834518478e-05
1365 1366 -4.969185834518478e-05
1366 1366 4.969185834518478e-05
1367 1367 4.2581526651263802e-05
1367 1368 -4.2581526651263802e-05
1368 1368 4.2581526651263802e-05
1367 1367 8.5104445878729626e-05
1367 1369 -8.5104445878729626e-05
1369 1369 8.5104445878729626e-05
1367 1367 3.0930534687703872e-05
1367 1370 -3.0930534687703872e-05
1370 1370 3.0930534687703872e-05
1368 1368 6.9917291412468431e-05
1368 1370 -6.9917291412468431e-05
1370 1370 6.9917291412468431e-05
1369 1369 2.4407890162972432e-05
1369 1370 -2.4407890162972432e-05
1370 1370 2.4407890162972432e-05
1367 1367 3.1276872779628405e-05
1367 1371 -3.1276872779628405e-05
1371 1371 3.1276872779628405e-05
1368 1368 3.3323338175980829e-05
1368 1371 -3.3323338175980829e-05
1371 1371 3.3323338175980829e-05
1367 1367 2.6816747130165829e-05
1367 1372 -2.6816747130165829e-05
1372 1372 2.6816747130165829e-05
1368 1368 5.8316319146808179e-05
1368 1372 -5.8316319146808179e-05
1372 1372 5.8316319146808179e-05
1370 1370 3.8299719653246372e-05
1370 1372 -3.8299719653246372e-05
1372 1372 3.8299719653246372e-05
1371 1371 3.8200678369577851e-05
1371 1372 -3.8200678369577851e-05
1372 1372 3.8200678369577851e-05
1373 1373 3.5866192976836766e-05
1373 1374 -3.5866192976836766e-05
1374 1374 3.5866192976836766e-05
1373 1373 3.8465347085326936e-05
1373 1375 -3.8465347085326936e-05
1375 1375 3.8465347085326936e-05
1374 1374 7.8462842921304176e-05
1374 1375 -7.8462842921304176e-05
1375 1375 7.8462842921304176e-05
1376 1376 0.00032395414655589437
1376 1377 -0.00032395414655589437
1377 1377 0.00032395414655589437
1376 1376 8.1813949631806253e-05
1376 1378 -8.1813949631806253e-05
1378 1378 8.1813949631806253e-05
1376 1376 7.1038358910455467e-05
1376 1379 -7.1038358910455467e-05
1379 1379 7.1038358910455467e-05
1377 1377 7.2046938800226422e-05
1377 1379 -7.2046938800226422e-05
1379 1379 7.2046938800226422e-05
1378 1378 5.7421317601606274e-05
1378 1379 -5.7421317601606274e-05
1379 1379 5.7421317601606274e-05
1376 1376 6.7410283536832664e-05
1376 1380 -6.7410283536832664e-05
1380 1380 6.7410283536832664e-05
1377 1377 7.2823030947757666e-05
1377 1380 -7.2823030947757666e-05
1380 1380 7.2823030947757666e-05
1378 1378 4.012114428640138e-05
1378 1380 -4.012114428640138e-05
1380 1380 4.012114428640138e-05
1381 1381 7.1363595236273859e-05
1381 1382 -7.1363595236273859e-05
1382 1382 7.1363595236273859e-05
1381 1381 8.525042524311306e-05
1381 1383 -8.525042524311306e-05
1383 1383 8.525042524311306e-05
1382 1382 6.0719468585293193e-05
1382 1383 -6.0719468585293193e-05
1383 1383 6.0719468585293193e-05
1381 1381 5.7590013583017736e-05
1381 1384 -5.7590013583017736e-05
1384 1384 5.7590013583017736e-05
1382 1382 3.273773632143798e-05
1382 1384 -3.273773632143798e-05
1384 1384 3.273773632143798e-05
1383 1383 5.5078798955241332e-05
1383 1384 -5.5078798955241332e-05
1384 1384 5.5078798955241332e-05
1381 1381 4.154872942225063e-05
1381 1385 -4.154872942225063e-05
1385 1385 4.154872942225063e-05
1382 1382 6.2676871420605591e-05
1382 1385 -6.2676871420605591e-05
1385 1385 6.2676871420605591e-05
1383 1383 5.95822760690361e-05
1383 1385 -5.95822760690361e-05
1385 1385 5.95822760690361e-05
1382 1382 0.00022572620364077155
1382 1386 -0.00022572620364077155
1386 1386 0.00022572620364077155
1385 1385 5.9688781805699208e-05
1385 1386 -5.9688781805699208e-05
1386 1386 5.9688781805699208e-05
1387 1387 3.9419281858366219e-05
1387 1388 -3.9419281858366219e-05
1388 1388 3.9419281858366219e-05
1387 1387 3.6625697591975534e-05
1387 1389 -3.6625697591975534e-05
1389 1389 3.6625697591975534e-05
1388 1388 3.0913366088188762e-05
1388 1389 -3.0913366088188762e-05
1389 1389 3.0913366088188762e-05
1387 1387 3.7655174214931406e-05
1387 1390 -3.7655174214931406e-05
1390 1390 3.7655174214931406e-05
1388 1388 9.9637714103142539e-05
1388 1390 -9.9637714103142539e-05
1390 1390 9.9637714103142539e-05
1389 1389 4.120232581517706e-05
1389 1390 -4.120232581517706e-05
1390 1390 4.120232581517706e-05
1391 1391 3.0854683572483346e-05
1391 1392 -3.0854683572483346e-05
1392 1392 3.0854683572483346e-05
1391 1391 2.867845798677755e-05
1391 1393 -2.867845798677755e-05
1393 1393 2.867845798677755e-05
1392 1392 9.6463777457789568e-05
1392 1393 -9.6463777457789568e-05
1393 1393 9.6463777457789568e-05
1394 1394 4.5291975521387767e-05
1394 1396 -4.5291975521387767e-05
1396 1396 4.5291975521387767e-05
1395 1395 3.6967388432982665e-05
1395 1396 -3.6967388432982665e-05
1396 1396 3.6967388432982665e-05
1394 1394 2.6198282039972136e-05
1394 1397 -2.6198282039972136e-05
1397 1397 2.6198282039972136e-05
1395 1395 0.00019095592924924331
1395 1397 -0.00019095592924924331
1397 1397 0.00019095592924924331
1396 1396 3.5309811510772457e-05
1396 1397 -3.5309811510772457e-05
1397 1397 3.5309811510772457e-05
1394 1394 6.7871128318749846e-05
1394 1398 -6.7871128318749846e-05
1398 1398 6.7871128318749846e-05
1395 1395 2.932373892428555e-05
1395 1398 -2.932373892428555e-05
1398 1398 2.932373892428555e-05
1396 1396 0.00011117510228781466
1396 1398 -0.00011117510228781466
1398 1398 0.00011117510228781466
1399 1399 6.7455562308348698e-05
1399 1400 -6.7455562308348698e-05
1400 1400 6.7455562308348698e-05
1399 1399 4.2188501203705061e-05
1399 1401 -4.2188501203705061e-05
1401 1401 4.2188501203705061e-05
1400 1400 8.2878955040940823e-05
1400 1401 -8.2878955040940823e-05
1401 1401 8.2878955040940823e-05
1399 1399 0.00014537593387739764
1399 1402 -0.00014537593387739764
1402 1402 0.00014537593387739764
1400 1400 5.5497348678914613e-05
1400 1402 -5.5497348678914613e-05
1402 1402 5.5497348678914613e-05
1401 1401 4.2279263568588327e-05
1401 1402 -4.2279263568588327e-05
1402 1402 4.2279263568588327e-05
1399 1399 3.2602727113224167e-05
1399 1403 -3.2602727113224167e-05
1403 1403 3.2602727113224167e-05
1400 1400 3.3172111622496863e-05
1400 1403 -3.3172111622496863e-05
1403 1403 3.3172111622496863e-05
1399 1399 2.7895871677326002e-05
1399 1404 -2.7895871677326002e-05
1404 1404 2.7895871677326002e-05
1400 1400 3.6653356621909361e-05
1400 1404 -3.6653356621909361e-05
1404 1404 3.6653356621909361e-05
1401 1401 2.8267616138409931e-05
1401 1404 -2.8267616138409931e-05
1404 1404 2.8267616138409931e-05
1403 1403 5.6434633409333402e-05
1403 1404 -5.6434633409333402e-05
1404 1404 5.6434633409333402e-05
1399 1399 5.4304826308562922e-05
1399 1405 -5.4304826308562922e-05
1405 1405 5.4304826308562922e-05
1400 1400 3.6106406652061575e-05
1400 1405 -3.6106406652061575e-05
1405 1405 3.6106406652061575e-05
1402 1402 4.1387621063092259e-05
1402 1405 -4.1387621063092259e-05
1405 1405 4.1387621063092259e-05
1403 1403 5.0270961164978857e-05
1403 1405 -5.0270961164978857e-05
1405 1405 5.0270961164978857e-05
1404 1404 2.9725367316054042e-05
1404 1405 -2.9725367316054042e-05
1405 1405 2.9725367316054042e-05
1406 1406 2.5204729696472399e-05
1406 1408 -2.5204729696472399e-05
1408 1408 2.5204729696472399e-05
1407 1407 0.0038459740160469011
1407 1408 -0.0038459740160469011
1408 1408 0.0038459740160469011
1406 1406 2.0627174167429926e-05
1406 1409 -2.0627174167429926e-05
1409 1409 2.0627174167429926e-05
1408 1408 2.2474415898372113e-05
1408 1409 -2.2474415898372113e-05
1409 1409 2.2474415898372113e-05
1408 1408 2.2966885312419318e-05
1408 1410 -2.2966885312419318e-05
1410 1410 2.2966885312419318e-05
1409 1409 9.0576800505103402e-05
1409 1410 -9.0576800505103402e-05
1410 1410 9.0576800505103402e-05
1411 1411 0.00017981136101791271
1411 1412 -0.00017981136101791271
1412 1412 0.00017981136101791271
1412 1412 4.114166652155679e-05
1412 1413 -4.114166652155679e-05
1413 1413 4.114166652155679e-05
1411 1411 6.1645490954058749e-05
1411 1414 -6.1645490954058749e-05
1414 1414 6.1645490954058749e-05
1412 1412 5.3064787260681882e-05
1412 1414 -5.3064787260681882e-05
1414 1414 5.3064787260681882e-05
1413 1413 2.3657674513892413e-05
1413 1414 -2.3657674513892413e-05
1414 1414 2.3657674513892413e-05
1415 1415 3.5552867904945457e-05
1415 1416 -3.5552867904945457e-05
1416 1416 3.5552867904945457e-05
1415 1415 0.00010357310462928023
1415 1417 -0.00010357310462928023
1417 1417 0.00010357310462928023
1416 1416 3.5713472357352195e-05
1416 1417 -3.5713472357352195e-05
1417 1417 3.5713472357352195e-05
1418 1418 8.2742985772751339e-05
1418 1419 -8.2742985772751339e-05
1419 1419 8.2742985772751339e-05
1418 1418 5.2864549554502579e-05
1418 1420 -5.2864549554502579e-05
1420 1420 5.2864549554502579e-05
1419 1419 3.9530041954701617e-05
1419 1420 -3.9530041954701617e-05
1420 1420 3.9530041954701617e-05
1419 1419 4.0727889261607606e-05
1419 1421 -4.0727889261607606e-05
1421 1421 4.0727889261607606e-05
1420 1420 2.4734191396239234e-05
1420 1421 -2.4734191396239234e-05
1421 1421 2.4734191396239234e-05
1418 1418 7.7059664023058878e-05
1418 1422 -7.7059664023058878e-05
1422 1422 7.7059664023058878e-05
1419 1419 4.7993004804930962e-05
1419 1422 -4.7993004804930962e-05
1422 1422 4.7993004804930962e-05
1420 1420 3.3264595690848684e-05
1420 1422 -3.3264595690848684e-05
1422 1422 3.3264595690848684e-05
1423 1423 5.7535566700641841e-05
1423 1424 -5.7535566700641841e-05
1424 1424 5.7535566700641841e-05
1423 1423 5.301250358509579e-05
1423 1425 -5.301250358509579e-05
1425 1425 5.301250358509579e-05
1424 1424 6.6187831493628611e-05
1424 1425 -6.6187831493628611e-05
1425 1425 6.6187831493628611e-05
1426 1426 5.5623474257457605e-05
1426 1427 -5.5623474257457605e-05
1427 1427 5.5623474257457605e-05
1426 1426 4.1122409819263137e-05
1426 1428 -4.1122409819263137e-05
1428 1428 4.1122409819263137e-05
1427 1427 7.2285091164480997e-05
1427 1428 -7.2285091164480997e-05
1428 1428 7.2285091164480997e-05
1426 1426 0.00010812347437734205
1426 1429 -0.00010812347437734205
1429 1429 0.00010812347437734205
1428 1428 3.3333373331472447e-05
1428 1429 -3.3333373331472447e-05
1429 1429 3.3333373331472447e-05
1430 1430 4.3220634938822029e-05
1430 1431 -4.3220634938822029e-05
1431 1431 4.3220634938822029e-05
1430 1430 5.5467314456074294e-05
1430 1432 -5.5467314456074294e-05
1432 1432 5.5467314456074294e-05
1431 1431 3.8454791043954693e-05
1431 1432 -3.8454791043954693e-05
1432 1432 3.8454791043954693e-05
1433 1433 2.8064153144296619e-05
1433 1434 -2.8064153144296619e-05
1434 1434 2.8064153144296619e-05
1433 1433 1.9789401189047505e-05
1433 1435 -1.9789401189047505e-05
1435 1435 1.9789401189047505e-05
1434 1434 5.4743824888741929e-05
1434 1435 -5.4743824888741929e-05
1435 1435 5.4743824888741929e-05
1433 1433 3.4623025705980337e-05
1433 1436 -3.4623025705980337e-05
1436 1436 3.4623025705980337e-05
1434 1434 7.128643965637265e-05
1434 1436 -7.128643965637265e-05
1436 1436 7.128643965637265e-05
1433 1433 2.4929019391159808e-05
1433 1437 -2.4929019391159808e-05
1437 1437 2.4929019391159808e-05
1434 1434 3.642235987872333e-05
1434 1437 -3.642235987872333e-05
1437 1437 3.642235987872333e-05
1435 1435 4.1797519377212231e-05
1435 1437 -4.1797519377212231e-05
1437 1437 4.1797519377212231e-05
1436 1436 2.6439179429748259e-05
1436 1437 -2.6439179429748259e-05
1437 1437 2.6439179429748259e-05
1433 1433 3.7822255939743525e-05
1433 1438 -3.7822255939743525e-05
1438 1438 3.7822255939743525e-05
1434 1434 2.6436119909724479e-05
1434 1438 -2.6436119909724479e-05
1438 1438 2.6436119909724479e-05
1435 1435 2.3059506273755077e-05
1435 1438 -2.3059506273755077e-05
1438 1438 2.3059506273755077e-05
1436 1436 2.4397575972463053e-05
1436 1438 -2.4397575972463053e-05
1438 1438 2.4397575972463053e-05
1437 1437 4.4800787317256723e-05
1437 1438 -4.4800787317256723e-05
1438 1438 4.4800787317256723e-05
1439 1439 9.05798613263306e-05
1439 1440 -9.05798613263306e-05
1440 1440 9.05798613263306e-05
1439 1439 0.00010230992807052737
1439 1441 -0.00010230992807052737
1441 1441 0.00010230992807052737
1439 1439 5.7857619758853441e-05
1439 1442 -5.7857619758853441e-05
1442 1442 5.7857619758853441e-05
1440 1440 0.00014476774176594071
1440 1442 -0.00014476774176594071
1442 1442 0.00014476774176594071
1441 1441 3.8412770169597867e-05
1441 1442 -3.8412770169597867e-05
1442 1442 3.8412770169597867e-05
1444 1444 3.7820286693126908e-05
1444 1445 -3.7820286693126908e-05
1445 1445 3.7820286693126908e-05
1444 1444 2.1589945674173541e-05
1444 1446 -2.1589945674173541e-05
1446 1446 2.1589945674173541e-05
1445 1445 3.6275703199552286e-05
1445 1446 -3.6275703199552286e-05
1446 1446 3.6275703199552286e-05
1444 1444 2.3707331547912444e-05
1444 1447 -2.3707331547912444e-05
1447 1447 2.3707331547912444e-05
1445 1445 1.916329344599803e-05
1445 1447 -1.916329344599803e-05
1447 1447 1.916329344599803e-05
1446 1446 2.1081520368887425e-05
1446 1447 -2.1081520368887425e-05
1447 1447 2.1081520368887425e-05
1448 1448 6.6741759637787545e-05
1448 1449 -6.6741759637787545e-05
1449 1449 6.6741759637787545e-05
1448 1448 8.2002147419355957e-05
1448 1450 -8.2002147419355957e-05
1450 1450 8.2002147419355957e-05
1449 1449 3.8407076015670809e-05
1449 1450 -3.8407076015670809e-05
1450 1450 3.8407076015670809e-05
1448 1448 5.9181808460651169e-05
1448 1451 -5.9181808460651169e-05
1451 1451 5.9181808460651169e-05
1449 1449 8.1235000979437862e-05
1449 1451 -8.1235000979437862e-05
1451 1451 8.1235000979437862e-05
1450 1450 4.3986784859247359e-05
1450 1451 -4.3986784859247359e-05
1451 1451 4.3986784859247359e-05
1448 1448 7.1963694954145407e-05
1448 1452 -7.1963694954145407e-05
1452 1452 7.1963694954145407e-05
1449 1449 4.2740720843884651e-05
1449 1452 -4.2740720843884651e-05
1452 1452 4.2740720843884651e-05
1450 1450 4.8142526788336986e-05
1450 1452 -4.8142526788336986e-05
1452 1452 4.8142526788336986e-05
1451 1451 3.3381880277698612e-05
1451 1452 -3.3381880277698612e-05
1452 1452 3.3381880277698612e-05
1453 1453 3.2429782592233121e-05
1453 1454 -3.2429782592233121e-05
1454 1454 3.2429782592233121e-05
1453 1453 2.8477195969169361e-05
1453 1455 -2.8477195969169361e-05
1455 1455 2.8477195969169361e-05
1454 1454 0.00012117426800651871
1454 1455 -0.00012117426800651871
1455 1455 0.00012117426800651871
1453 1453 4.6371495572297798e-05
1453 1456 -4.6371495572297798e-05
1456 1456 4.6371495572297798e-05
1454 1454 2.0471743482164598e-05
1454 1456 -2.0471743482164598e-05
1456 1456 2.0471743482164598e-05
1458 1458 6.7398796194898566e-05
1458 1459 -6.7398796194898566e-05
1459 1459 6.7398796194898566e-05
1458 1458 8.2833045437356119e-05
1458 1460 -8.2833045437356119e-05
1460 1460 8.2833045437356119e-05
1461 1461 0.0011789702824871577
1461 1462 -0.0011789702824871577
1462 1462 0.0011789702824871577
1461 1461 0.00020272274666168611
1461 1463 -0.00020272274666168611
1463 1463 0.00020272274666168611
1462 1462 6.8533307511942386e-05
1462 1464 -6.8533307511942386e-05
1464 1464 6.8533307511942386e-05
1463 1463 5.5372665120860418e-05
1463 1464 -5.5372665120860418e-05
1464 1464 5.5372665120860418e-05
1461 1461 5.5654693440375948e-05
1461 1465 -5.5654693440375948e-05
1465 1465 5.5654693440375948e-05
1463 1463 6.8876649612755375e-05
1463 1465 -6.8876649612755375e-05
1465 1465 6.8876649612755375e-05
1464 1464 4.6935436285479529e-05
1464 1465 -4.6935436285479529e-05
1465 1465 4.6935436285479529e-05
1462 1462 6.2634462788485861e-05
1462 1466 -6.2634462788485861e-05
1466 1466 6.2634462788485861e-05
1464 1464 4.6410901666870478e-05
1464 1466 -4.6410901666870478e-05
1466 1466 4.6410901666870478e-05
1467 1467 5.9476193184558036e-05
1467 1468 -5.9476193184558036e-05
1468 1468 5.9476193184558036e-05
1467 1467 5.1555476215112371e-05
1467 1469 -5.1555476215112371e-05
1469 1469 5.1555476215112371e-05
1467 1467 5.4394773982826758e-05
1467 1470 -5.4394773982826758e-05
1470 1470 5.4394773982826758e-05
1468 1468 8.2066131376000909e-05
1468 1470 -8.2066131376000909e-05
1470 1470 8.2066131376000909e-05
1467 1467 5.0575363548028815e-05
1467 1471 -5.0575363548028815e-05
1471 1471 5.0575363548028815e-05
1468 1468 3.3458887166215244e-05
1468 1471 -3.3458887166215244e-05
1471 1471 3.3458887166215244e-05
1469 1469 6.0029726047605586e-05
1469 1471 -6.0029726047605586e-05
1471 1471 6.0029726047605586e-05
1470 1470 2.716387013024681e-05
1470 1471 -2.716387013024681e-05
1471 1471 2.716387013024681e-05
1472 1472 4.976209445599234e-05
1472 1473 -4.976209445599234e-05
1473 1473 4.976209445599234e-05
1472 1472 4.4629145956307251e-05
1472 1474 -4.4629145956307251e-05
1474 1474 4.4629145956307251e-05
1473 1473 5.6824851421150641e-05
1473 1474 -5.6824851421150641e-05
1474 1474 5.6824851421150641e-05
1472 1472 0.00016420962299919974
1472 1475 -0.00016420962299919974
1475 1475 0.00016420962299919974
1473 1473 4.3587651669552564e-05
1473 1475 -4.3587651669552564e-05
1475 1475 4.3587651669552564e-05
1474 1474 4.9353516538563543e-05
1474 1475 -4.9353516538563543e-05
1475 1475 4.9353516538563543e-05
1472 1472 3.5814631339314276e-05
1472 1476 -3.5814631339314276e-05
1476 1476 3.5814631339314276e-05
1473 1473 4.6145564652375271e-05
1473 1476 -4.6145564652375271e-05
1476 1476 4.6145564652375271e-05
1474 1474 2.6008455553513548e-05
1474 1476 -2.6008455553513548e-05
1476 1476 2.6008455553513548e-05
1473 1473 6.898618419065602e-05
1473 1477 -6.898618419065602e-05
1477 1477 6.898618419065602e-05
1474 1474 3.7348630988630062e-05
1474 1477 -3.7348630988630062e-05
1477 1477 3.7348630988630062e-05
1476 1476 3.8093280909849909e-05
1476 1477 -3.8093280909849909e-05
1477 1477 3.8093280909849909e-05
1478 1478 5.0934157170259613e-05
1478 1479 -5.0934157170259613e-05
1479 1479 5.0934157170259613e-05
1480 1480 5.4335742053093106e-05
1480 1481 -5.4335742053093106e-05
1481 1481 5.4335742053093106e-05
1482 1482 0.00010783396263784558
1482 1483 -0.00010783396263784558
1483 1483 0.00010783396263784558
1482 1482 5.9085133024552244e-05
1482 1484 -5.9085133024552244e-05
1484 1484 5.9085133024552244e-05
1483 1483 0.00010741356396038011
1483 1484 -0.00010741356396038011
1484 1484 0.00010741356396038011
1485 1485 4.7537202829481701e-05
1485 1486 -4.7537202829481701e-05
1486 1486 4.7537202829481701e-05
1485 1485 6.1233547056395262e-05
1485 1487 -6.1233547056395262e-05
1487 1487 6.1233547056395262e-05
1486 1486 4.2568910784472895e-05
1486 1487 -4.2568910784472895e-05
1487 1487 4.2568910784472895e-05
1485 1485 3.0150721496499312e-05
1485 1488 -3.0150721496499312e-05
1488 1488 3.0150721496499312e-05
1486 1486 4.6688324730648768e-05
1486 1488 -4.6688324730648768e-05
1488 1488 4.6688324730648768e-05
1487 1487 2.3323943030207336e-05
1487 1488 -2.3323943030207336e-05
1488 1488 2.3323943030207336e-05
1489 1489 6.8619299510056474e-05
1489 1490 -6.8619299510056474e-05
1490 1490 6.8619299510056474e-05
1489 1489 5.6925796675594203e-05
1489 1491 -5.6925796675594203e-05
1491 1491 5.6925796675594203e-05
1490 1490 5.2638064391334502e-05
1490 1491 -5.2638064391334502e-05
1491 1491 5.2638064391334502e-05
1492 1492 4.8607484413573094e-05
1492 1493 -4.8607484413573094e-05
1493 1493 4.8607484413573094e-05
1492 1492 0.00010154797358543114
1492 1494 -0.00010154797358543114
1494 1494 0.00010154797358543114
1493 1493 3.4210212994056555e-05
1493 1494 -3.4210212994056555e-05
1494 1494 3.4210212994056555e-05
1492 1492 7.1627900161215299e-05
1492 1495 -7.1627900161215299e-05
1495 1495 7.1627900161215299e-05
1493 1493 4.2295407790301222e-05
1493 1495 -4.2295407790301222e-05
1495 1495 4.2295407790301222e-05
1494 1494 7.8901642800132467e-05
1494 1495 -7.8901642800132467e-05
1495 1495 7.8901642800132467e-05
1492 1492 8.1361288437303619e-05
1492 1496 -8.1361288437303619e-05
1496 1496 8.1361288437303619e-05
1493 1493 3.5922812669055435e-05
1493 1496 -3.5922812669055435e-05
1496 1496 3.5922812669055435e-05
1494 1494 5.8277142295733171e-05
1494 1496 -5.8277142295733171e-05
1496 1496 5.8277142295733171e-05
1497 1497 5.6845843302621617e-05
1497 1498 -5.6845843302621617e-05
1498 1498 5.6845843302621617e-05
1497 1497 2.9003869743714871e-05
1497 1499 -2.9003869743714871e-05
1499 1499 2.9003869743714871e-05
1498 1498 2.0263575882874057e-05
1498 1499 -2.0263575882874057e-05
1499 1499 2.0263575882874057e-05
1500 1500 0.00011519701148392189
1500 1501 -0.00011519701148392189
1501 1501 0.00011519701148392189
1502 1502 5.7962952491008705e-05
1502 1503 -5.7962952491008705e-05
1503 1503 5.7962952491008705e-05
1505 1505 5.9059437627450274e-05
1505 1506 -5.9059437627450274e-05
1506 1506 5.9059437627450274e-05
1504 1504 7.7982402015597583e-05
1504 1507 -7.7982402015597583e-05
1507 1507 7.7982402015597583e-05
1504 1504 4.3082019325516087e-05
1504 1508 -4.3082019325516087e-05
1508 1508 4.3082019325516087e-05
1505 1505 0.00014304034740712305
1505 1508 -0.00014304034740712305
1508 1508 0.00014304034740712305
1507 1507 5.7137639732481316e-05
1507 1508 -5.7137639732481316e-05
1508 1508 5.7137639732481316e-05
1504 1504 3.2110053436180755e-05
1504 1509 -3.2110053436180755e-05
1509 1509 3.2110053436180755e-05
1505 1505 5.7476786454107177e-05
1505 1509 -5.7476786454107177e-05
1509 1509 5.7476786454107177e-05
1506 1506 4.1515225447138895e-05
1506 1509 -4.1515225447138895e-05
1509 1509 4.1515225447138895e-05
1507 1507 3.0315644157896376e-05
1507 1509 -3.0315644157896376e-05
1509 1509 3.0315644157896376e-05
1508 1508 5.1491277431981243e-05
1508 1509 -5.1491277431981243e-05
1509 1509 5.1491277431981243e-05
1504 1504 3.0734163159352471e-05
1504 1510 -3.0734163159352471e-05
1510 1510 3.0734163159352471e-05
1505 1505 2.8086488243025537e-05
1505 1510 -2.8086488243025537e-05
1510 1510 2.8086488243025537e-05
1507 1507 2.4402636544031468e-05
1507 1510 -2.4402636544031468e-05
1510 1510 2.4402636544031468e-05
1508 1508 2.880322785585613e-05
1508 1510 -2.880322785585613e-05
1510 1510 2.880322785585613e-05
1509 1509 5.0090572890440778e-05
1509 1510 -5.0090572890440778e-05
1510 1510 5.0090572890440778e-05
1504 1504 6.9790628374140462e-05
1504 1511 -6.9790628374140462e-05
1511 1511 6.9790628374140462e-05
1507 1507 4.001260246860423e-05
1507 1511 -4.001260246860423e-05
1511 1511 4.001260246860423e-05
1509 1509 2.3231375217331125e-05
1509 1511 -2.3231375217331125e-05
1511 1511 2.3231375217331125e-05
1510 1510 2.6056061411949987e-05
1510 1511 -2.6056061411949987e-05
1511 1511 2.6056061411949987e-05
1504 1504 3.2889238596809468e-05
1504 1512 -3.2889238596809468e-05
1512 1512 3.2889238596809468e-05
1506 1506 1.8321117063862686e-05
1506 1512 -1.8321117063862686e-05
1512 1512 1.8321117063862686e-05
1507 1507 4.9295070700683211e-05
1507 1512 -4.9295070700683211e-05
1512 1512 4.9295070700683211e-05
1508 1508 2.927443775781616e-05
1508 1512 -2.927443775781616e-05
1512 1512 2.927443775781616e-05
1511 1511 2.7279887786571838e-05
1511 1512 -2.7279887786571838e-05
1512 1512 2.7279887786571838e-05
1505 1505 4.7253324607829341e-05
1505 1513 -4.7253324607829341e-05
1513 1513 4.7253324607829341e-05
1506 1506 9.7454808108184067e-05
1506 1513 -9.7454808108184067e-05
1513 1513 9.7454808108184067e-05
1507 1507 2.3376317234070221e-05
1507 1513 -2.3376317234070221e-05
1513 1513 2.3376317234070221e-05
1509 1509 3.0249763925997155e-05
1509 1513 -3.0249763925997155e-05
1513 1513 3.0249763925997155e-05
1512 1512 1.8997228387388602e-05
1512 1513 -1.8997228387388602e-05
1513 1513 1.8997228387388602e-05
1505 1505 3.1856629175706389e-05
1505 1514 -3.1856629175706389e-05
1514 1514 3.1856629175706389e-05
1506 1506 2.5743349648360426e-05
1506 1514 -2.5743349648360426e-05
1514 1514 2.5743349648360426e-05
1507 1507 3.2647670662410116e-05
1507 1514 -3.2647670662410116e-05
1514 1514 3.2647670662410116e-05
1508 1508 3.3361623306824775e-05
1508 1514 -3.3361623306824775e-05
1514 1514 3.3361623306824775e-05
1512 1512 3.8008721815158059e-05
1512 1514 -3.8008721815158059e-05
1514 1514 3.8008721815158059e-05
1513 1513 3.0523524413106458e-05
1513 1514 -3.0523524413106458e-05
1514 1514 3.0523524413106458e-05
1515 1515 2.8600989624776021e-05
1515 1516 -2.8600989624776021e-05
1516 1516 2.8600989624776021e-05
1515 1515 6.4257413815011532e-05
1515 1517 -6.4257413815011532e-05
1517 1517 6.4257413815011532e-05
1516 1516 3.2669010437902145e-05
1516 1517 -3.2669010437902145e-05
1517 1517 3.2669010437902145e-05
1515 1515 5.1513862614171052e-05
1515 1518 -5.1513862614171052e-05
1518 1518 5.1513862614171052e-05
1516 1516 3.336054642949471e-05
1516 1518 -3.336054642949471e-05
1518 1518 3.336054642949471e-05
1517 1517 3.296293269539926e-05
1517 1518 -3.296293269539926e-05
1518 1518 3.296293269539926e-05
1519 1519 7.1790754983277449e-05
1519 1520 -7.1790754983277449e-05
1520 1520 7.1790754983277449e-05
1519 1519 7.1707452384024362e-05
1519 1521 -7.1707452384024362e-05
1521 1521 7.1707452384024362e-05
1520 1520 7.3312971841190292e-05
1520 1521 -7.3312971841190292e-05
1521 1521 7.3312971841190292e-05
1520 1520 0.00013079114505171955
1520 1522 -0.00013079114505171955
1522 1522 0.00013079114505171955
1521 1521 5.6301713241524247e-05
1521 1522 -5.6301713241524247e-05
1522 1522 5.6301713241524247e-05
1519 1519 4.1115891025467183e-05
1519 1523 -4.1115891025467183e-05
1523 1523 4.1115891025467183e-05
1520 1520 6.0071095308875892e-05
1520 1523 -6.0071095308875892e-05
1523 1523 6.0071095308875892e-05
1521 1521 8.510686581305597e-05
1521 1523 -8.510686581305597e-05
1523 1523 8.510686581305597e-05
1522 1522 6.5874744262206078e-05
1522 1523 -6.5874744262206078e-05
1523 1523 6.5874744262206078e-05
1519 1519 9.5621661386039209e-05
1519 1524 -9.5621661386039209e-05
1524 1524 9.5621661386039209e-05
1520 1520 4.9599709426868207e-05
1520 1524 -4.9599709426868207e-05
1524 1524 4.9599709426868207e-05
1519 1519 4.3096120855460258e-05
1519 1525 -4.3096120855460258e-05
1525 1525 4.3096120855460258e-05
1521 1521 9.1027409894021917e-05
1521 1525 -9.1027409894021917e-05
1525 1525 9.1027409894021917e-05
1522 1522 3.7028064923136161e-05
1522 1525 -3.7028064923136161e-05
1525 1525 3.7028064923136161e-05
1523 1523 6.7663112318353775e-05
1523 1525 -6.7663112318353775e-05
1525 1525 6.7663112318353775e-05
1519 1519 5.6181559803594406e-05
1519 1526 -5.6181559803594406e-05
1526 1526 5.6181559803594406e-05
1520 1520 0.00012580658827896483
1520 1526 -0.00012580658827896483
1526 1526 0.00012580658827896483
1522 1522 9.6060429244661488e-05
1522 1526 -9.6060429244661488e-05
1526 1526 9.6060429244661488e-05
1524 1524 5.0293013788241241e-05
1524 1526 -5.0293013788241241e-05
1526 1526 5.0293013788241241e-05
1527 1527 6.828274319786975e-05
1527 1529 -6.828274319786975e-05
1529 1529 6.828274319786975e-05
1528 1528 7.2322766204418017e-05
1528 1529 -7.2322766204418017e-05
1529 1529 7.2322766204418017e-05
1527 1527 4.7164239833570705e-05
1527 1530 -4.7164239833570705e-05
1530 1530 4.7164239833570705e-05
1528 1528 4.989194334354915e-05
1528 1530 -4.989194334354915e-05
1530 1530 4.989194334354915e-05
1529 1529 6.8905123417047298e-05
1529 1530 -6.8905123417047298e-05
1530 1530 6.8905123417047298e-05
1527 1527 4.0853468181500523e-05
1527 1531 -4.0853468181500523e-05
1531 1531 4.0853468181500523e-05
1529 1529 3.6917554465263368e-05
1529 1531 -3.6917554465263368e-05
1531 1531 3.6917554465263368e-05
1530 1530 6.2093669778320659e-05
1530 1531 -6.2093669778320659e-05
1531 1531 6.2093669778320659e-05
1532 1532 8.8521276880772313e-05
1532 1533 -8.8521276880772313e-05
1533 1533 8.8521276880772313e-05
1532 1532 9.1288107681904406e-05
1532 1534 -9.1288107681904406e-05
1534 1534 9.1288107681904406e-05
1533 1533 5.8609040012478662e-05
1533 1534 -5.8609040012478662e-05
1534 1534 5.8609040012478662e-05
1532 1532 7.7926276914768445e-05
1532 1535 -7.7926276914768445e-05
1535 1535 7.7926276914768445e-05
1533 1533 0.00014649476949031464
1533 1535 -0.00014649476949031464
1535 1535 0.00014649476949031464
1534 1534 4.595593067910149e-05
1534 1535 -4.595593067910149e-05
1535 1535 4.595593067910149e-05
1536 1536 3.677818420807244e-05
1536 1537 -3.677818420807244e-05
1537 1537 3.677818420807244e-05
85 85 0.001
85 36 -0.001
36 36 0.001
105 105 0.001
105 95 -0.001
95 95 0.001
128 128 0.001
128 108 -0.001
108 108 0.001
145 145 0.001
145 78 -0.001
78 78 0.001
160 160 0.001
160 55 -0.001
55 55 0.001
161 161 0.001
161 59 -0.001
59 59 0.001
204 204 0.001
204 28 -0.001
28 28 0.001
233 233 0.001
233 219 -0.001
219 219 0.001
241 241 0.001
241 129 -0.001
129 129 0.001
248 248 0.001
248 29 -0.001
29 29 0.001
249 249 0.001
249 218 -0.001
218 218 0.001
254 254 0.001
254 61 -0.001
61 61 0.001
258 258 0.001
258 101 -0.001
101 101 0.001
260 260 0.001
260 111 -0.001
111 111 0.001
272 272 0.001
272 102 -0.001
102 102 0.001
276 276 0.001
276 224 -0.001
224 224 0.001
313 313 0.001
313 130 -0.001
130 130 0.001
319 319 0.001
319 192 -0.001
192 192 0.001
325 325 0.001
325 91 -0.001
91 91 0.001
326 326 0.001
326 120 -0.001
120 120 0.001
345 345 0.001
345 30 -0.001
30 30 0.001
346 346 0.001
346 300 -0.001
300 300 0.001
356 356 0.001
356 294 -0.001
294 294 0.001
361 361 0.001
361 174 -0.001
174 174 0.001
370 370 0.001
370 22 -0.001
22 22 0.001
374 374 0.001
374 113 -0.001
113 113 0.001
379 379 0.001
379 181 -0.001
181 181 0.001
383 383 0.001
383 357 -0.001
357 357 0.001
387 387 0.001
387 56 -0.001
56 56 0.001
388 388 0.001
388 307 -0.001
307 307 0.001
391 391 0.001
391 0 -0.001
0 0 0.001
399 399 0.001
399 304 -0.001
304 304 0.001
402 402 0.001
402 205 -0.001
205 205 0.001
403 403 0.001
403 301 -0.001
301 301 0.001
412 412 0.001
412 67 -0.001
67 67 0.001
417 417 0.001
417 220 -0.001
220 220 0.001
421 421 0.001
421 103 -0.001
103 103 0.001
425 425 0.001
425 228 -0.001
228 228 0.001
435 435 0.001
435 162 -0.001
162 162 0.001
440 440 0.001
440 3 -0.001
3 3 0.001
441 441 0.001
441 157 -0.001
157 157 0.001
442 442 0.001
442 320 -0.001
320 320 0.001
445 445 0.001
445 109 -0.001
109 109 0.001
450 450 0.001
450 221 -0.001
221 221 0.001
453 453 0.001
453 40 -0.001
40 40 0.001
454 454 0.001
454 395 -0.001
395 395 0.001
455 455 0.001
455 327 -0.001
327 327 0.001
458 458 0.001
458 234 -0.001
234 234 0.001
459 459 0.001
459 314 -0.001
314 314 0.001
475 475 0.001
475 350 -0.001
350 350 0.001
483 483 0.001
483 392 -0.001
392 392 0.001
493 493 0.001
493 341 -0.001
341 341 0.001
500 500 0.001
500 302 -0.001
302 302 0.001
502 502 0.001
502 422 -0.001
422 422 0.001
509 509 0.001
509 142 -0.001
142 142 0.001
514 514 0.001
514 367 -0.001
367 367 0.001
521 521 0.001
521 68 -0.001
68 68 0.001
522 522 0.001
522 60 -0.001
60 60 0.001
527 527 0.001
527 92 -0.001
92 92 0.001
534 534 0.001
534 79 -0.001
79 79 0.001
535 535 0.001
535 250 -0.001
250 250 0.001
540 540 0.001
540 235 -0.001
235 235 0.001
543 543 0.001
543 46 -0.001
46 46 0.001
544 544 0.001
544 51 -0.001
51 51 0.001
554 554 0.001
554 469 -0.001
469 469 0.001
563 563 0.001
563 305 -0.001
305 305 0.001
564 564 0.001
564 400 -0.001
400 400 0.001
568 568 0.001
568 134 -0.001
134 134 0.001
569 569 0.001
569 255 -0.001
255 255 0.001
572 572 0.001
572 182 -0.001
182 182 0.001
574 574 0.001
574 429 -0.001
429 429 0.001
587 587 0.001
587 186 -0.001
186 186 0.001
588 588 0.001
588 479 -0.001
479 479 0.001
590 590 0.001
590 57 -0.001
57 57 0.001
593 593 0.001
593 261 -0.001
261 261 0.001
594 594 0.001
594 515 -0.001
515 515 0.001
604 604 0.001
604 62 -0.001
62 62 0.001
608 608 0.001
608 510 -0.001
510 510 0.001
610 610 0.001
610 63 -0.001
63 63 0.001
611 611 0.001
611 165 -0.001
165 165 0.001
612 612 0.001
612 256 -0.001
256 256 0.001
616 616 0.001
616 570 -0.001
570 570 0.001
617 617 0.001
617 605 -0.001
605 605 0.001
627 627 0.001
627 413 -0.001
413 413 0.001
632 632 0.001
632 547 -0.001
547 547 0.001
648 648 0.001
648 295 -0.001
295 295 0.001
650 650 0.001
650 212 -0.001
212 212 0.001
655 655 0.001
655 653 -0.001
653 653 0.001
660 660 0.001
660 72 -0.001
72 72 0.001
662 662 0.001
662 548 -0.001
548 548 0.001
667 667 0.001
667 396 -0.001
396 396 0.001
668 668 0.001
668 418 -0.001
418 418 0.001
671 671 0.001
671 618 -0.001
618 618 0.001
676 676 0.001
676 524 -0.001
524 524 0.001
679 679 0.001
679 358 -0.001
358 358 0.001
680 680 0.001
680 384 -0.001
384 384 0.001
681 681 0.001
681 622 -0.001
622 622 0.001
685 685 0.001
685 541 -0.001
541 541 0.001
693 693 0.001
693 34 -0.001
34 34 0.001
698 698 0.001
698 322 -0.001
322 322 0.001
700 700 0.001
700 58 -0.001
58 58 0.001
701 701 0.001
701 168 -0.001
168 168 0.001
706 706 0.001
706 602 -0.001
602 602 0.001
709 709 0.001
709 110 -0.001
110 110 0.001
710 710 0.001
710 555 -0.001
555 555 0.001
713 713 0.001
713 578 -0.001
578 578 0.001
714 714 0.001
714 643 -0.001
643 643 0.001
716 716 0.001
716 1 -0.001
1 1 0.001
717 717 0.001
717 19 -0.001
19 19 0.001
718 718 0.001
718 73 -0.001
73 73 0.001
719 719 0.001
719 334 -0.001
334 334 0.001
723 723 0.001
723 385 -0.001
385 385 0.001
724 724 0.001
724 556 -0.001
556 556 0.001
725 725 0.001
725 711 -0.001
711 711 0.001
734 734 0.001
734 516 -0.001
516 516 0.001
737 737 0.001
737 545 -0.001
545 545 0.001
743 743 0.001
743 151 -0.001
151 151 0.001
744 744 0.001
744 597 -0.001
597 597 0.001
745 745 0.001
745 638 -0.001
638 638 0.001
749 749 0.001
749 677 -0.001
677 677 0.001
755 755 0.001
755 337 -0.001
337 337 0.001
758 758 0.001
758 193 -0.001
193 193 0.001
759 759 0.001
759 438 -0.001
438 438 0.001
760 760 0.001
760 633 -0.001
633 633 0.001
764 764 0.001
764 69 -0.001
69 69 0.001
765 765 0.001
765 80 -0.001
80 80 0.001
766 766 0.001
766 146 -0.001
146 146 0.001
768 768 0.001
768 262 -0.001
262 262 0.001
769 769 0.001
769 389 -0.001
389 389 0.001
771 771 0.001
771 121 -0.001
121 121 0.001
777 777 0.001
777 47 -0.001
47 47 0.001
780 780 0.001
780 774 -0.001
774 774 0.001
786 786 0.001
786 775 -0.001
775 775 0.001
793 793 0.001
793 634 -0.001
634 634 0.001
794 794 0.001
794 761 -0.001
761 761 0.001
795 795 0.001
795 730 -0.001
730 730 0.001
796 796 0.001
796 781 -0.001
781 781 0.001
799 799 0.001
799 783 -0.001
783 783 0.001
805 805 0.001
805 800 -0.001
800 800 0.001
807 807 0.001
807 778 -0.001
778 778 0.001
811 811 0.001
811 787 -0.001
787 787 0.001
812 812 0.001
812 797 -0.001
797 797 0.001
817 817 0.001
817 773 -0.001
773 773 0.001
820 820 0.001
820 210 -0.001
210 210 0.001
821 821 0.001
821 779 -0.001
779 779 0.001
823 823 0.001
823 792 -0.001
792 792 0.001
826 826 0.001
826 784 -0.001
784 784 0.001
827 827 0.001
827 798 -0.001
798 798 0.001
829 829 0.001
829 815 -0.001
815 815 0.001
834 834 0.001
834 819 -0.001
819 819 0.001
836 836 0.001
836 694 -0.001
694 694 0.001
842 842 0.001
842 788 -0.001
788 788 0.001
844 844 0.001
844 824 -0.001
824 824 0.001
846 846 0.001
846 353 -0.001
353 353 0.001
847 847 0.001
847 635 -0.001
635 635 0.001
855 855 0.001
855 690 -0.001
690 690 0.001
860 860 0.001
860 598 -0.001
598 598 0.001
861 861 0.001
861 639 -0.001
639 639 0.001
870 870 0.001
870 52 -0.001
52 52 0.001
873 873 0.001
873 862 -0.001
862 862 0.001
876 876 0.001
876 143 -0.001
143 143 0.001
877 877 0.001
877 691 -0.001
691 691 0.001
883 883 0.001
883 187 -0.001
187 187 0.001
884 884 0.001
884 351 -0.001
351 351 0.001
885 885 0.001
885 589 -0.001
589 589 0.001
886 886 0.001
886 882 -0.001
882 882 0.001
890 890 0.001
890 243 -0.001
243 243 0.001
899 899 0.001
899 199 -0.001
199 199 0.001
903 903 0.001
903 140 -0.001
140 140 0.001
904 904 0.001
904 288 -0.001
288 288 0.001
908 908 0.001
908 423 -0.001
423 423 0.001
912 912 0.001
912 487 -0.001
487 487 0.001
916 916 0.001
916 122 -0.001
122 122 0.001
917 917 0.001
917 202 -0.001
202 202 0.001
918 918 0.001
918 273 -0.001
273 273 0.001
919 919 0.001
919 464 -0.001
464 464 0.001
920 920 0.001
920 853 -0.001
853 853 0.001
924 924 0.001
924 644 -0.001
644 644 0.001
926 926 0.001
926 35 -0.001
35 35 0.001
927 927 0.001
927 371 -0.001
371 371 0.001
928 928 0.001
928 925 -0.001
925 925 0.001
931 931 0.001
931 672 -0.001
672 672 0.001
936 936 0.001
936 23 -0.001
23 23 0.001
937 937 0.001
937 114 -0.001
114 114 0.001
938 938 0.001
938 470 -0.001
470 470 0.001
942 942 0.001
942 306 -0.001
306 306 0.001
943 943 0.001
943 323 -0.001
323 323 0.001
947 947 0.001
947 613 -0.001
613 613 0.001
948 948 0.001
948 791 -0.001
791 791 0.001
950 950 0.001
950 921 -0.001
921 921 0.001
955 955 0.001
955 135 -0.001
135 135 0.001
956 956 0.001
956 628 -0.001
628 628 0.001
958 958 0.001
958 565 -0.001
565 565 0.001
959 959 0.001
959 599 -0.001
599 599 0.001
966 966 0.001
966 776 -0.001
776 776 0.001
968 968 0.001
968 117 -0.001
117 117 0.001
971 971 0.001
971 236 -0.001
236 236 0.001
973 973 0.001
973 115 -0.001
115 115 0.001
976 976 0.001
976 98 -0.001
98 98 0.001
977 977 0.001
977 863 -0.001
863 863 0.001
979 979 0.001
979 244 -0.001
244 244 0.001
980 980 0.001
980 283 -0.001
283 283 0.001
981 981 0.001
981 501 -0.001
501 501 0.001
982 982 0.001
982 651 -0.001
651 651 0.001
983 983 0.001
983 665 -0.001
665 665 0.001
987 987 0.001
987 380 -0.001
380 380 0.001
988 988 0.001
988 878 -0.001
878 878 0.001
992 992 0.001
992 368 -0.001
368 368 0.001
993 993 0.001
993 430 -0.001
430 430 0.001
994 994 0.001
994 559 -0.001
559 559 0.001
996 996 0.001
996 184 -0.001
184 184 0.001
997 997 0.001
997 393 -0.001
393 393 0.001
998 998 0.001
998 789 -0.001
789 789 0.001
999 999 0.001
999 865 -0.001
865 865 0.001
1002 1002 0.001
1002 686 -0.001
686 686 0.001
1003 1003 0.001
1003 951 -0.001
951 951 0.001
1006 1006 0.001
1006 169 -0.001
169 169 0.001
1007 1007 0.001
1007 394 -0.001
394 394 0.001
1011 1011 0.001
1011 194 -0.001
194 194 0.001
1013 1013 0.001
1013 750 -0.001
750 750 0.001
1018 1018 0.001
1018 200 -0.001
200 200 0.001
1019 1019 0.001
1019 203 -0.001
203 203 0.001
1020 1020 0.001
1020 900 -0.001
900 900 0.001
1022 1022 0.001
1022 451 -0.001
451 451 0.001
1023 1023 0.001
1023 669 -0.001
669 669 0.001
1027 1027 0.001
1027 237 -0.001
237 237 0.001
1029 1029 0.001
1029 503 -0.001
503 503 0.001
1030 1030 0.001
1030 1024 -0.001
1024 1024 0.001
1034 1034 0.001
1034 591 -0.001
591 591 0.001
1039 1039 0.001
1039 342 -0.001
342 342 0.001
1040 1040 0.001
1040 414 -0.001
414 414 0.001
1041 1041 0.001
1041 629 -0.001
629 629 0.001
1043 1043 0.001
1043 654 -0.001
654 654 0.001
1047 1047 0.001
1047 328 -0.001
328 328 0.001
1048 1048 0.001
1048 621 -0.001
621 621 0.001
1052 1052 0.001
1052 315 -0.001
315 315 0.001
1053 1053 0.001
1053 362 -0.001
362 362 0.001
1054 1054 0.001
1054 579 -0.001
579 579 0.001
1055 1055 0.001
1055 645 -0.001
645 645 0.001
1058 1058 0.001
1058 277 -0.001
277 277 0.001
1060 1060 0.001
1060 488 -0.001
488 488 0.001
1061 1061 0.001
1061 879 -0.001
879 879 0.001
1064 1064 0.001
1064 504 -0.001
504 504 0.001
1067 1067 0.001
1067 104 -0.001
104 104 0.001
1069 1069 0.001
1069 960 -0.001
960 960 0.001
1071 1071 0.001
1071 93 -0.001
93 93 0.001
1072 1072 0.001
1072 866 -0.001
866 866 0.001
1078 1078 0.001
1078 871 -0.001
871 871 0.001
1080 1080 0.001
1080 170 -0.001
170 170 0.001
1081 1081 0.001
1081 206 -0.001
206 206 0.001
1082 1082 0.001
1082 1008 -0.001
1008 1008 0.001
1083 1083 0.001
1083 177 -0.001
177 177 0.001
1084 1084 0.001
1084 494 -0.001
494 494 0.001
1089 1089 0.001
1089 229 -0.001
229 229 0.001
1093 1093 0.001
1093 296 -0.001
296 296 0.001
1094 1094 0.001
1094 1044 -0.001
1044 1044 0.001
1095 1095 0.001
1095 1079 -0.001
1079 1079 0.001
1097 1097 0.001
1097 87 -0.001
87 87 0.001
1098 1098 0.001
1098 99 -0.001
99 99 0.001
1099 1099 0.001
1099 523 -0.001
523 523 0.001
1106 1106 0.001
1106 1103 -0.001
1103 1103 0.001
1108 1108 0.001
1108 1107 -0.001
1107 1107 0.001
1111 1111 0.001
1111 1109 -0.001
1109 1109 0.001
1113 1113 0.001
1113 1112 -0.001
1112 1112 0.001
1115 1115 0.001
1115 1102 -0.001
1102 1102 0.001
1118 1118 0.001
1118 1116 -0.001
1116 1116 0.001
1120 1120 0.001
1120 1119 -0.001
1119 1119 0.001
1123 1123 0.001
1123 1121 -0.001
1121 1121 0.001
1125 1125 0.001
1125 1124 -0.001
1124 1124 0.001
1128 1128 0.001
1128 1126 -0.001
1126 1126 0.001
1131 1131 0.001
1131 1129 -0.001
1129 1129 0.001
1136 1136 0.001
1136 1104 -0.001
1104 1104 0.001
1137 1137 0.001
1137 1132 -0.001
1132 1132 0.001
1138 1138 0.001
1138 372 -0.001
372 372 0.001
1141 1141 0.001
1141 767 -0.001
767 767 0.001
1144 1144 0.001
1144 13 -0.001
13 13 0.001
1145 1145 0.001
1145 536 -0.001
536 536 0.001
1150 1150 0.001
1150 431 -0.001
431 431 0.001
1153 1153 0.001
1153 175 -0.001
175 175 0.001
1154 1154 0.001
1154 363 -0.001
363 363 0.001
1155 1155 0.001
1155 939 -0.001
939 939 0.001
1158 1158 0.001
1158 297 -0.001
297 297 0.001
1159 1159 0.001
1159 352 -0.001
352 352 0.001
1169 1169 0.001
1169 1065 -0.001
1065 1065 0.001
1171 1171 0.001
1171 88 -0.001
88 88 0.001
1172 1172 0.001
1172 961 -0.001
961 961 0.001
1173 1173 0.001
1173 1100 -0.001
1100 1100 0.001
1174 1174 0.001
1174 607 -0.001
607 607 0.001
1175 1175 0.001
1175 619 -0.001
619 619 0.001
1176 1176 0.001
1176 803 -0.001
803 803 0.001
1177 1177 0.001
1177 814 -0.001
814 814 0.001
1181 1181 0.001
1181 183 -0.001
183 183 0.001
1182 1182 0.001
1182 338 -0.001
338 338 0.001
1183 1183 0.001
1183 517 -0.001
517 517 0.001
1184 1184 0.001
1184 96 -0.001
96 96 0.001
1185 1185 0.001
1185 1090 -0.001
1090 1090 0.001
1189 1189 0.001
1189 147 -0.001
147 147 0.001
1190 1190 0.001
1190 415 -0.001
415 415 0.001
1191 1191 0.001
1191 41 -0.001
41 41 0.001
1196 1196 0.001
1196 100 -0.001
100 100 0.001
1197 1197 0.001
1197 163 -0.001
163 163 0.001
1198 1198 0.001
1198 480 -0.001
480 480 0.001
1202 1202 0.001
1202 369 -0.001
369 369 0.001
1203 1203 0.001
1203 891 -0.001
891 891 0.001
1206 1206 0.001
1206 854 -0.001
854 854 0.001
1207 1207 0.001
1207 957 -0.001
957 957 0.001
1209 1209 0.001
1209 2 -0.001
2 2 0.001
1210 1210 0.001
1210 31 -0.001
31 31 0.001
1217 1217 0.001
1217 416 -0.001
416 416 0.001
1219 1219 0.001
1219 497 -0.001
497 497 0.001
1220 1220 0.001
1220 726 -0.001
726 726 0.001
1224 1224 0.001
1224 37 -0.001
37 37 0.001
1225 1225 0.001
1225 840 -0.001
840 840 0.001
1226 1226 0.001
1226 856 -0.001
856 856 0.001
1227 1227 0.001
1227 913 -0.001
913 913 0.001
1228 1228 0.001
1228 263 -0.001
263 263 0.001
1230 1230 0.001
1230 397 -0.001
397 397 0.001
1231 1231 0.001
1231 670 -0.001
670 670 0.001
1232 1232 0.001
1232 1031 -0.001
1031 1031 0.001
1241 1241 0.001
1241 640 -0.001
640 640 0.001
1243 1243 0.001
1243 456 -0.001
456 456 0.001
1244 1244 0.001
1244 825 -0.001
825 825 0.001
1245 1245 0.001
1245 832 -0.001
832 832 0.001
1252 1252 0.001
1252 426 -0.001
426 426 0.001
1253 1253 0.001
1253 1234 -0.001
1234 1234 0.001
1257 1257 0.001
1257 575 -0.001
575 575 0.001
1258 1258 0.001
1258 751 -0.001
751 751 0.001
1259 1259 0.001
1259 97 -0.001
97 97 0.001
1260 1260 0.001
1260 1165 -0.001
1165 1165 0.001
1261 1261 0.001
1261 1233 -0.001
1233 1233 0.001
1264 1264 0.001
1264 887 -0.001
887 887 0.001
1265 1265 0.001
1265 1235 -0.001
1235 1235 0.001
1268 1268 0.001
1268 213 -0.001
213 213 0.001
1269 1269 0.001
1269 892 -0.001
892 892 0.001
1270 1270 0.001
1270 894 -0.001
894 894 0.001
1276 1276 0.001
1276 24 -0.001
24 24 0.001
1277 1277 0.001
1277 373 -0.001
373 373 0.001
1278 1278 0.001
1278 929 -0.001
929 929 0.001
1284 1284 0.001
1284 144 -0.001
144 144 0.001
1285 1285 0.001
1285 585 -0.001
585 585 0.001
1289 1289 0.001
1289 489 -0.001
489 489 0.001
1290 1290 0.001
1290 573 -0.001
573 573 0.001
1291 1291 0.001
1291 756 -0.001
756 756 0.001
1295 1295 0.001
1295 86 -0.001
86 86 0.001
1296 1296 0.001
1296 211 -0.001
211 211 0.001
1297 1297 0.001
1297 1292 -0.001
1292 1292 0.001
1298 1298 0.001
1298 48 -0.001
48 48 0.001
1299 1299 0.001
1299 439 -0.001
439 439 0.001
1300 1300 0.001
1300 738 -0.001
738 738 0.001
1304 1304 0.001
1304 278 -0.001
278 278 0.001
1305 1305 0.001
1305 603 -0.001
603 603 0.001
1307 1307 0.001
1307 476 -0.001
476 476 0.001
1308 1308 0.001
1308 649 -0.001
649 649 0.001
1309 1309 0.001
1309 944 -0.001
944 944 0.001
1315 1315 0.001
1315 284 -0.001
284 284 0.001
1316 1316 0.001
1316 537 -0.001
537 537 0.001
1317 1317 0.001
1317 592 -0.001
592 592 0.001
1319 1319 0.001
1319 752 -0.001
752 752 0.001
1320 1320 0.001
1320 1248 -0.001
1248 1248 0.001
1321 1321 0.001
1321 343 -0.001
343 343 0.001
1326 1326 0.001
1326 335 -0.001
335 335 0.001
1327 1327 0.001
1327 663 -0.001
663 663 0.001
1331 1331 0.001
1331 550 -0.001
550 550 0.001
1332 1332 0.001
1332 1004 -0.001
1004 1004 0.001
1336 1336 0.001
1336 1142 -0.001
1142 1142 0.001
1337 1337 0.001
1337 1146 -0.001
1146 1146 0.001
1338 1338 0.001
1338 1312 -0.001
1312 1312 0.001
1340 1340 0.001
1340 225 -0.001
225 225 0.001
1341 1341 0.001
1341 436 -0.001
436 436 0.001
1342 1342 0.001
1342 498 -0.001
498 498 0.001
1343 1343 0.001
1343 895 -0.001
895 895 0.001
1344 1344 0.001
1344 969 -0.001
969 969 0.001
1345 1345 0.001
1345 995 -0.001
995 995 0.001
1346 1346 0.001
1346 1204 -0.001
1204 1204 0.001
1347 1347 0.001
1347 558 -0.001
558 558 0.001
1350 1350 0.001
1350 427 -0.001
427 427 0.001
1351 1351 0.001
1351 1091 -0.001
1091 1091 0.001
1352 1352 0.001
1352 1186 -0.001
1186 1186 0.001
1353 1353 0.001
1353 1266 -0.001
1266 1266 0.001
1357 1357 0.001
1357 279 -0.001
279 279 0.001
1358 1358 0.001
1358 330 -0.001
330 330 0.001
1359 1359 0.001
1359 905 -0.001
905 905 0.001
1360 1360 0.001
1360 158 -0.001
158 158 0.001
1361 1361 0.001
1361 816 -0.001
816 816 0.001
1362 1362 0.001
1362 848 -0.001
848 848 0.001
1364 1364 0.001
1364 989 -0.001
989 989 0.001
1365 1365 0.001
1365 1014 -0.001
1014 1014 0.001
1366 1366 0.001
1366 1249 -0.001
1249 1249 0.001
1369 1369 0.001
1369 164 -0.001
164 164 0.001
1370 1370 0.001
1370 188 -0.001
188 188 0.001
1371 1371 0.001
1371 499 -0.001
499 499 0.001
1372 1372 0.001
1372 623 -0.001
623 623 0.001
1373 1373 0.001
1373 906 -0.001
906 906 0.001
1374 1374 0.001
1374 1279 -0.001
1279 1279 0.001
1378 1378 0.001
1378 465 -0.001
465 465 0.001
1379 1379 0.001
1379 922 -0.001
922 922 0.001
1380 1380 0.001
1380 1042 -0.001
1042 1042 0.001
1384 1384 0.001
1384 4 -0.001
4 4 0.001
1385 1385 0.001
1385 731 -0.001
731 731 0.001
1386 1386 0.001
1386 967 -0.001
967 967 0.001
1390 1390 0.001
1390 1363 -0.001
1363 1363 0.001
1392 1392 0.001
1392 695 -0.001
695 695 0.001
1397 1397 0.001
1397 316 -0.001
316 316 0.001
1398 1398 0.001
1398 972 -0.001
972 972 0.001
1401 1401 0.001
1401 123 -0.001
123 123 0.001
1402 1402 0.001
1402 457 -0.001
457 457 0.001
1403 1403 0.001
1403 833 -0.001
833 833 0.001
1404 1404 0.001
1404 835 -0.001
835 835 0.001
1405 1405 0.001
1405 1246 -0.001
1246 1246 0.001
1410 1410 0.001
1410 432 -0.001
432 432 0.001
1413 1413 0.001
1413 259 -0.001
259 259 0.001
1416 1416 0.001
1416 542 -0.001
542 542 0.001
1420 1420 0.001
1420 932 -0.001
932 932 0.001
1421 1421 0.001
1421 1208 -0.001
1208 1208 0.001
1422 1422 0.001
1422 1414 -0.001
1414 1414 0.001
1423 1423 0.001
1423 290 -0.001
290 290 0.001
1424 1424 0.001
1424 386 -0.001
386 386 0.001
1425 1425 0.001
1425 471 -0.001
471 471 0.001
1428 1428 0.001
1428 1280 -0.001
1280 1280 0.001
1429 1429 0.001
1429 1333 -0.001
1333 1333 0.001
1432 1432 0.001
1432 131 -0.001
131 131 0.001
1436 1436 0.001
1436 5 -0.001
5 5 0.001
1437 1437 0.001
1437 11 -0.001
11 11 0.001
1438 1438 0.001
1438 152 -0.001
152 152 0.001
1441 1441 0.001
1441 528 -0.001
528 528 0.001
1442 1442 0.001
1442 867 -0.001
867 867 0.001
1443 1443 0.001
1443 1229 -0.001
1229 1229 0.001
1444 1444 0.001
1444 141 -0.001
141 141 0.001
1445 1445 0.001
1445 242 -0.001
242 242 0.001
1446 1446 0.001
1446 446 -0.001
446 446 0.001
1447 1447 0.001
1447 1306 -0.001
1306 1306 0.001
1450 1450 0.001
1450 1005 -0.001
1005 1005 0.001
1451 1451 0.001
1451 1334 -0.001
1334 1334 0.001
1455 1455 0.001
1455 460 -0.001
460 460 0.001
1456 1456 0.001
1456 907 -0.001
907 907 0.001
1457 1457 0.001
1457 1192 -0.001
1192 1192 0.001
1459 1459 0.001
1459 153 -0.001
153 153 0.001
1460 1460 0.001
1460 830 -0.001
830 830 0.001
1464 1464 0.001
1464 909 -0.001
909 909 0.001
1465 1465 0.001
1465 1021 -0.001
1021 1021 0.001
1466 1466 0.001
1466 1066 -0.001
1066 1066 0.001
1469 1469 0.001
1469 264 -0.001
264 264 0.001
1470 1470 0.001
1470 757 -0.001
757 757 0.001
1471 1471 0.001
1471 770 -0.001
770 770 0.001
1474 1474 0.001
1474 452 -0.001
452 452 0.001
1475 1475 0.001
1475 687 -0.001
687 687 0.001
1476 1476 0.001
1476 923 -0.001
923 923 0.001
1477 1477 0.001
1477 1068 -0.001
1068 1068 0.001
1478 1478 0.001
1478 841 -0.001
841 841 0.001
1479 1479 0.001
1479 1267 -0.001
1267 1267 0.001
1480 1480 0.001
1480 195 -0.001
195 195 0.001
1481 1481 0.001
1481 739 -0.001
739 739 0.001
1482 1482 0.001
1482 289 -0.001
289 289 0.001
1483 1483 0.001
1483 551 -0.001
551 551 0.001
1484 1484 0.001
1484 1417 -0.001
1417 1417 0.001
1487 1487 0.001
1487 185 -0.001
185 185 0.001
1489 1489 0.001
1489 785 -0.001
785 785 0.001
1490 1490 0.001
1490 1000 -0.001
1000 1000 0.001
1491 1491 0.001
1491 1254 -0.001
1254 1254 0.001
1493 1493 0.001
1493 466 -0.001
466 466 0.001
1494 1494 0.001
1494 1163 -0.001
1163 1163 0.001
1495 1495 0.001
1495 1322 -0.001
1322 1322 0.001
1496 1496 0.001
1496 1452 -0.001
1452 1452 0.001
1498 1498 0.001
1498 106 -0.001
106 106 0.001
1499 1499 0.001
1499 1193 -0.001
1193 1193 0.001
1501 1501 0.001
1501 1001 -0.001
1001 1001 0.001
1502 1502 0.001
1502 463 -0.001
463 463 0.001
1510 1510 0.001
1510 230 -0.001
230 230 0.001
1511 1511 0.001
1511 529 -0.001
529 529 0.001
1512 1512 0.001
1512 1049 -0.001
1049 1049 0.001
1513 1513 0.001
1513 1166 -0.001
1166 1166 0.001
1514 1514 0.001
1514 1170 -0.001
1170 1170 0.001
1515 1515 0.001
1515 1059 -0.001
1059 1059 0.001
1516 1516 0.001
1516 1238 -0.001
1238 1238 0.001
1517 1517 0.001
1517 1348 -0.001
1348 1348 0.001
1518 1518 0.001
1518 1375 -0.001
1375 1375 0.001
1522 1522 0.001
1522 257 -0.001
257 257 0.001
1523 1523 0.001
1523 949 -0.001
949 949 0.001
1524 1524 0.001
1524 1218 -0.001
1218 1218 0.001
1525 1525 0.001
1525 1488 -0.001
1488 1488 0.001
1526 1526 0.001
1526 1503 -0.001
1503 1503 0.001
1531 1531 0.001
1531 692 -0.001
692 692 0.001
1534 1534 0.001
1534 1213 -0.001
1213 1213 0.001
1536 1536 0.001
1536 270 -0.001
270 270 0.001
1537 1537 0.001
1537 1239 -0.001
1239 1239 0.001
25 25 0.038459740160469012
107 107 0.038459740160469012
166 166 0.038459740160469012
538 538 0.038459740160469012
546 546 0.038459740160469012
930 930 0.038459740160469012
1101 1101 0.038459740160469012
1211 1211 0.038459740160469012
1271 1271 0.038459740160469012
ftilde 1538 495 495
6 0 1
7 1 1
8 2 1
9 3 1
10 4 1
12 5 1
15 6 1
16 7 1
17 8 1
18 9 1
20 10 1
21 11 1
27 12 1
32 13 1
33 14 1
38 15 1
39 16 1
43 17 1
44 18 1
45 19 1
49 20 1
50 21 1
53 22 1
54 23 1
64 24 1
65 25 1
66 26 1
70 27 1
71 28 1
74 29 1
75 30 1
76 31 1
77 32 1
81 33 1
82 34 1
83 35 1
84 36 1
89 37 1
90 38 1
94 39 1
107 40 1
112 41 1
116 42 1
118 43 1
119 44 1
124 45 1
125 46 1
126 47 1
127 48 1
132 49 1
133 50 1
136 51 1
137 52 1
138 53 1
139 54 1
148 55 1
149 56 1
150 57 1
154 58 1
155 59 1
156 60 1
159 61 1
167 62 1
171 63 1
172 64 1
173 65 1
178 66 1
179 67 1
180 68 1
189 69 1
190 70 1
191 71 1
196 72 1
197 73 1
198 74 1
201 75 1
207 76 1
208 77 1
209 78 1
214 79 1
215 80 1
216 81 1
217 82 1
222 83 1
223 84 1
226 85 1
227 86 1
231 87 1
232 88 1
238 89 1
239 90 1
240 91 1
245 92 1
246 93 1
247 94 1
251 95 1
252 96 1
253 97 1
265 98 1
271 99 1
274 100 1
275 101 1
280 102 1
281 103 1
282 104 1
285 105 1
286 106 1
287 107 1
291 108 1
292 109 1
293 110 1
298 111 1
299 112 1
303 113 1
308 114 1
309 115 1
310 116 1
311 117 1
312 118 1
317 119 1
318 120 1
324 121 1
329 122 1
331 123 1
332 124 1
333 125 1
336 126 1
339 127 1
340 128 1
344 129 1
347 130 1
348 131 1
349 132 1
354 133 1
355 134 1
359 135 1
360 136 1
364 137 1
365 138 1
366 139 1
375 140 1
376 141 1
377 142 1
378 143 1
381 144 1
382 145 1
390 146 1
398 147 1
405 148 1
406 149 1
407 150 1
408 151 1
409 152 1
410 153 1
411 154 1
419 155 1
420 156 1
424 157 1
428 158 1
433 159 1
434 160 1
437 161 1
443 162 1
444 163 1
447 164 1
448 165 1
449 166 1
461 167 1
462 168 1
467 169 1
468 170 1
472 171 1
473 172 1
474 173 1
477 174 1
478 175 1
484 176 1
485 177 1
486 178 1
490 179 1
491 180 1
492 181 1
495 182 1
496 183 1
505 184 1
506 185 1
507 186 1
508 187 1
511 188 1
512 189 1
513 190 1
518 191 1
519 192 1
520 193 1
525 194 1
526 195 1
530 196 1
531 197 1
532 198 1
533 199 1
539 200 1
546 201 1
549 202 1
552 203 1
553 204 1
557 205 1
560 206 1
561 207 1
562 208 1
566 209 1
567 210 1
571 211 1
576 212 1
577 213 1
581 214 1
582 215 1
583 216 1
584 217 1
586 218 1
595 219 1
596 220 1
600 221 1
601 222 1
614 223 1
615 224 1
620 225 1
624 226 1
625 227 1
626 228 1
630 229 1
631 230 1
636 231 1
637 232 1
641 233 1
642 234 1
646 235 1
647 236 1
658 237 1
659 238 1
664 239 1
666 240 1
673 241 1
674 242 1
675 243 1
678 244 1
682 245 1
683 246 1
684 247 1
688 248 1
689 249 1
696 250 1
697 251 1
699 252 1
702 253 1
703 254 1
704 255 1
705 256 1
707 257 1
708 258 1
712 259 1
720 260 1
721 261 1
722 262 1
727 263 1
728 264 1
729 265 1
732 266 1
733 267 1
735 268 1
736 269 1
740 270 1
741 271 1
742 272 1
746 273 1
747 274 1
748 275 1
753 276 1
754 277 1
762 278 1
763 279 1
790 280 1
845 281 1
849 282 1
850 283 1
851 284 1
852 285 1
857 286 1
858 287 1
859 288 1
864 289 1
868 290 1
869 291 1
872 292 1
874 293 1
875 294 1
880 295 1
881 296 1
888 297 1
889 298 1
893 299 1
896 300 1
897 301 1
898 302 1
901 303 1
902 304 1
910 305 1
911 306 1
914 307 1
915 308 1
933 309 1
934 310 1
935 311 1
940 312 1
941 313 1
945 314 1
946 315 1
952 316 1
953 317 1
954 318 1
964 319 1
965 320 1
970 321 1
974 322 1
975 323 1
978 324 1
984 325 1
985 326 1
986 327 1
990 328 1
991 329 1
1009 330 1
1010 331 1
1012 332 1
1015 333 1
1016 334 1
1017 335 1
1025 336 1
1026 337 1
1028 338 1
1035 339 1
1036 340 1
1037 341 1
1038 342 1
1045 343 1
1046 344 1
1050 345 1
1051 346 1
1056 347 1
1057 348 1
1062 349 1
1063 350 1
1073 351 1
1074 352 1
1075 353 1
1076 354 1
1077 355 1
1085 356 1
1086 357 1
1087 358 1
1088 359 1
1092 360 1
1139 361 1
1140 362 1
1143 363 1
1147 364 1
1148 365 1
1149 366 1
1151 367 1
1152 368 1
1156 369 1
1157 370 1
1160 371 1
1161 372 1
1164 373 1
1167 374 1
1168 375 1
1178 376 1
1179 377 1
1180 378 1
1187 379 1
1188 380 1
1194 381 1
1195 382 1
1199 383 1
1200 384 1
1201 385 1
1205 386 1
1214 387 1
1215 388 1
1216 389 1
1221 390 1
1222 391 1
1223 392 1
1236 393 1
1240 394 1
1242 395 1
1247 396 1
1250 397 1
1251 398 1
1255 399 1
1256 400 1
1262 401 1
1263 402 1
1274 403 1
1275 404 1
1281 405 1
1282 406 1
1283 407 1
1286 408 1
1287 409 1
1288 410 1
1293 411 1
1294 412 1
1301 413 1
1302 414 1
1303 415 1
1313 416 1
1314 417 1
1318 418 1
1323 419 1
1324 420 1
1325 421 1
1328 422 1
1329 423 1
1330 424 1
1335 425 1
1339 426 1
1349 427 1
1354 428 1
1355 429 1
1356 430 1
1367 431 1
1368 432 1
1376 433 1
1377 434 1
1381 435 1
1382 436 1
1383 437 1
1387 438 1
1388 439 1
1389 440 1
1394 441 1
1395 442 1
1396 443 1
1399 444 1
1400 445 1
1406 446 1
1407 447 1
1408 448 1
1409 449 1
1411 450 1
1412 451 1
1415 452 1
1418 453 1
1419 454 1
1426 455 1
1430 456 1
1431 457 1
1433 458 1
1434 459 1
1435 460 1
1439 461 1
1440 462 1
1448 463 1
1449 464 1
1453 465 1
1454 466 1
1458 467 1
1461 468 1
1462 469 1
1463 470 1
1467 471 1
1468 472 1
1472 473 1
1473 474 1
1485 475 1
1486 476 1
1492 477 1
1497 478 1
1500 479 1
1504 480 1
1505 481 1
1506 482 1
1507 483 1
1508 484 1
1509 485 1
1519 486 1
1520 487 1
1521 488 1
1527 489 1
1528 490 1
1529 491 1
1530 492 1
1532 493 1
1533 494 1
qtq 1538 1538 6113
0 0 2
1 0 -1
2 0 -1
0 1 -1
1 1 2
2 1 -1
0 2 -1
2 2 2
1 2 -1
3 3 2
4 3 -1
5 3 -1
3 4 -1
4 4 2
5 4 -1
3 5 -1
5 5 2
4 5 -1
6 6 5
7 6 -1
8 6 -1
9 6 -1
10 6 -1
11 6 -1
6 7 -1
7 7 3
8 7 -1
9 7 -1
6 8 -1
8 8 5
7 8 -1
9 8 -1
10 8 -1
11 8 -1
6 9 -1
9 9 5
7 9 -1
8 9 -1
10 9 -1
11 9 -1
6 10 -1
10 10 4
8 10 -1
9 10 -1
11 10 -1
6 11 -1
11 11 4
8 11 -1
9 11 -1
10 11 -1
12 12 2
13 12 -1
14 12 -1
12 13 -1
13 13 1
12 14 -1
14 14 1
15 15 3
16 15 -1
17 15 -1
18 15 -1
15 16 -1
16 16 3
17 16 -1
18 16 -1
15 17 -1
17 17 4
16 17 -1
18 17 -1
19 17 -1
15 18 -1
18 18 4
16 18 -1
17 18 -1
19 18 -1
17 19 -1
19 19 2
18 19 -1
20 20 4
21 20 -1
22 20 -1
23 20 -1
24 20 -1
20 21 -1
21 21 4
22 21 -1
23 21 -1
24 21 -1
20 22 -1
22 22 3
21 22 -1
24 22 -1
20 23 -1
23 23 3
21 23 -1
24 23 -1
20 24 -1
24 24 4
21 24 -1
22 24 -1
23 24 -1
25 25 1
26 25 -1
25 26 -1
26 26 1
27 27 4
28 27 -1
29 27 -1
30 27 -1
31 27 -1
27 28 -1
28 28 4
29 28 -1
30 28 -1
31 28 -1
27 29 -1
29 29 4
28 29 -1
30 29 -1
31 29 -1
27 30 -1
30 30 4
28 30 -1
29 30 -1
31 30 -1
27 31 -1
31 31 4
28 31 -1
29 31 -1
30 31 -1
32 32 3
33 32 -1
34 32 -1
35 32 -1
32 33 -1
33 33 3
34 33 -1
35 33 -1
32 34 -1
34 34 2
33 34 -1
32 35 -1
35 35 2
33 35 -1
36 36 1
37 36 -1
36 37 -1
37 37 1
38 38 4
39 38 -1
40 38 -1
41 38 -1
42 38 -1
38 39 -1
39 39 4
40 39 -1
41 39 -1
42 39 -1
38 40 -1
40 40 3
39 40 -1
42 40 -1
38 41 -1
41 41 3
39 41 -1
42 41 -1
38 42 -1
42 42 4
39 42 -1
40 42 -1
41 42 -1
43 43 4
44 43 -1
45 43 -1
47 43 -1
48 43 -1
43 44 -1
44 44 4
46 44 -1
47 44 -1
48 44 -1
43 45 -1
45 45 3
46 45 -1
48 45 -1
44 46 -1
46 46 3
45 46 -1
47 46 -1
43 47 -1
47 47 4
44 47 -1
46 47 -1
48 47 -1
43 48 -1
48 48 4
44 48 -1
45 48 -1
47 48 -1
49 49 2
50 49 -1
52 49 -1
49 50 -1
50 50 3
51 50 -1
52 50 -1
50 51 -1
51 51 2
52 51 -1
49 52 -1
52 52 3
50 52 -1
51 52 -1
53 53 2
54 53 -1
55 53 -1
53 54 -1
54 54 1
53 55 -1
55 55 1
56 56 2
57 56 -1
58 56 -1
56 57 -1
57 57 2
58 57 -1
56 58 -1
58 58 2
57 58 -1
59 59 1
60 59 -1
59 60 -1
60 60 1
61 61 2
62 61 -1
63 61 -1
61 62 -1
62 62 2
63 62 -1
61 63 -1
63 63 2
62 63 -1
64 64 2
65 64 -1
67 64 -1
64 65 -1
65 65 3
66 65 -1
68 65 -1
65 66 -1
66 66 3
68 66 -1
69 66 -1
64 67 -1
67 67 2
68 67 -1
65 68 -1
68 68 3
66 68 -1
67 68 -1
66 69 -1
69 69 1
70 70 3
71 70 -1
72 70 -1
73 70 -1
70 71 -1
71 71 3
72 71 -1
73 71 -1
70 72 -1
72 72 3
71 72 -1
73 72 -1
70 73 -1
73 73 3
71 73 -1
72 73 -1
74 74 4
75 74 -1
76 74 -1
77 74 -1
80 74 -1
74 75 -1
75 75 5
76 75 -1
78 75 -1
79 75 -1
80 75 -1
74 76 -1
76 76 5
75 76 -1
77 76 -1
78 76 -1
80 76 -1
74 77 -1
77 77 3
76 77 -1
80 77 -1
75 78 -1
78 78 3
76 78 -1
80 78 -1
75 79 -1
79 79 1
74 80 -1
80 80 5
75 80 -1
76 80 -1
77 80 -1
78 80 -1
81 81 5
82 81 -1
83 81 -1
84 81 -1
85 81 -1
86 81 -1
81 82 -1
82 82 4
84 82 -1
85 82 -1
86 82 -1
81 83 -1
83 83 4
84 83 -1
85 83 -1
86 83 -1
81 84 -1
84 84 5
82 84 -1
83 84 -1
85 84 -1
86 84 -1
81 85 -1
85 85 4
82 85 -1
83 85 -1
84 85 -1
81 86 -1
86 86 4
82 86 -1
83 86 -1
84 86 -1
87 87 1
88 87 -1
87 88 -1
88 88 1
89 89 4
90 89 -1
91 89 -1
92 89 -1
93 89 -1
89 90 -1
90 90 4
91 90 -1
92 90 -1
93 90 -1
89 91 -1
91 91 3
90 91 -1
92 91 -1
89 92 -1
92 92 4
90 92 -1
91 92 -1
93 92 -1
89 93 -1
93 93 3
90 93 -1
92 93 -1
94 94 3
95 94 -1
96 94 -1
97 94 -1
94 95 -1
95 95 2
96 95 -1
94 96 -1
96 96 3
95 96 -1
97 96 -1
94 97 -1
97 97 2
96 97 -1
98 98 2
99 98 -1
100 98 -1
98 99 -1
99 99 2
100 99 -1
98 100 -1
100 100 2
99 100 -1
101 101 3
102 101 -1
103 101 -1
104 101 -1
101 102 -1
102 102 3
103 102 -1
104 102 -1
101 103 -1
103 103 3
102 103 -1
104 103 -1
101 104 -1
104 104 3
102 104 -1
103 104 -1
105 105 1
106 105 -1
105 106 -1
106 106 1
107 107 3
108 107 -1
109 107 -1
110 107 -1
107 108 -1
108 108 2
109 108 -1
107 109 -1
109 109 3
108 109 -1
110 109 -1
107 110 -1
110 110 2
109 110 -1
112 112 3
113 112 -1
114 112 -1
115 112 -1
112 113 -1
113 113 3
114 113 -1
115 113 -1
112 114 -1
114 114 2
113 114 -1
112 115 -1
115 115 2
113 115 -1
116 116 1
117 116 -1
116 117 -1
117 117 1
118 118 3
119 118 -1
121 118 -1
122 118 -1
118 119 -1
119 119 3
120 119 -1
123 119 -1
119 120 -1
120 120 3
122 120 -1
123 120 -1
118 121 -1
121 121 3
122 121 -1
123 121 -1
118 122 -1
122 122 4
120 122 -1
121 122 -1
123 122 -1
119 123 -1
123 123 4
120 123 -1
121 123 -1
122 123 -1
124 124 5
125 124 -1
126 124 -1
127 124 -1
128 124 -1
129 124 -1
124 125 -1
125 125 5
126 125 -1
128 125 -1
129 125 -1
131 125 -1
124 126 -1
126 126 5
125 126 -1
129 126 -1
130 126 -1
131 126 -1
124 127 -1
127 127 2
129 127 -1
124 128 -1
128 128 3
125 128 -1
131 128 -1
124 129 -1
129 129 6
125 129 -1
126 129 -1
127 129 -1
130 129 -1
131 129 -1
126 130 -1
130 130 3
129 130 -1
131 130 -1
125 131 -1
131 131 5
126 131 -1
128 131 -1
129 131 -1
130 131 -1
132 132 3
133 132 -1
134 132 -1
135 132 -1
132 133 -1
133 133 3
134 133 -1
135 133 -1
132 134 -1
134 134 2
133 134 -1
132 135 -1
135 135 2
133 135 -1
136 136 5
137 136 -1
138 136 -1
139 136 -1
140 136 -1
141 136 -1
136 137 -1
137 137 5
138 137 -1
139 137 -1
140 137 -1
141 137 -1
136 138 -1
138 138 5
137 138 -1
139 138 -1
140 138 -1
141 138 -1
136 139 -1
139 139 3
137 139 -1
138 139 -1
136 140 -1
140 140 4
137 140 -1
138 140 -1
141 140 -1
136 141 -1
141 141 4
137 141 -1
138 141 -1
140 141 -1
142 142 2
143 142 -1
144 142 -1
142 143 -1
143 143 2
144 143 -1
142 144 -1
144 144 2
143 144 -1
145 145 2
146 145 -1
147 145 -1
145 146 -1
146 146 2
147 146 -1
145 147 -1
147 147 2
146 147 -1
148 148 5
149 148 -1
150 148 -1
151 148 -1
152 148 -1
153 148 -1
148 149 -1
149 149 5
150 149 -1
151 149 -1
152 149 -1
153 149 -1
148 150 -1
150 150 5
149 150 -1
151 150 -1
152 150 -1
153 150 -1
148 151 -1
151 151 5
149 151 -1
150 151 -1
152 151 -1
153 151 -1
148 152 -1
152 152 4
149 152 -1
150 152 -1
151 152 -1
148 153 -1
153 153 4
149 153 -1
150 153 -1
151 153 -1
154 154 4
155 154 -1
156 154 -1
157 154 -1
158 154 -1
154 155 -1
155 155 3
156 155 -1
157 155 -1
154 156 -1
156 156 4
155 156 -1
157 156 -1
158 156 -1
154 157 -1
157 157 3
155 157 -1
156 157 -1
154 158 -1
158 158 2
156 158 -1
159 159 3
160 159 -1
161 159 -1
163 159 -1
159 160 -1
160 160 2
164 160 -1
159 161 -1
161 161 3
162 161 -1
163 161 -1
161 162 -1
162 162 3
163 162 -1
164 162 -1
159 163 -1
163 163 3
161 163 -1
162 163 -1
160 164 -1
164 164 2
162 164 -1
167 167 3
168 167 -1
169 167 -1
170 167 -1
167 168 -1
168 168 2
170 168 -1
167 169 -1
169 169 2
170 169 -1
167 170 -1
170 170 3
168 170 -1
169 170 -1
171 171 4
172 171 -1
173 171 -1
174 171 -1
175 171 -1
171 172 -1
172 172 4
173 172 -1
174 172 -1
175 172 -1
171 173 -1
173 173 3
172 173 -1
174 173 -1
171 174 -1
174 174 4
172 174 -1
173 174 -1
175 174 -1
171 175 -1
175 175 3
172 175 -1
174 175 -1
176 176 1
177 176 -1
176 177 -1
177 177 1
178 178 4
179 178 -1
180 178 -1
181 178 -1
182 178 -1
178 179 -1
179 179 2
183 179 -1
178 180 -1
180 180 3
181 180 -1
182 180 -1
178 181 -1
181 181 2
180 181 -1
178 182 -1
182 182 2
180 182 -1
179 183 -1
183 183 1
184 184 1
185 184 -1
184 185 -1
185 185 1
186 186 2
187 186 -1
188 186 -1
186 187 -1
187 187 2
188 187 -1
186 188 -1
188 188 2
187 188 -1
189 189 6
190 189 -1
191 189 -1
192 189 -1
193 189 -1
194 189 -1
195 189 -1
189 190 -1
190 190 5
191 190 -1
193 190 -1
194 190 -1
195 190 -1
189 191 -1
191 191 6
190 191 -1
192 191 -1
193 191 -1
194 191 -1
195 191 -1
189 192 -1
192 192 5
191 192 -1
193 192 -1
194 192 -1
195 192 -1
189 193 -1
193 193 6
190 193 -1
191 193 -1
192 193 -1
194 193 -1
195 193 -1
189 194 -1
194 194 6
190 194 -1
191 194 -1
192 194 -1
193 194 -1
195 194 -1
189 195 -1
195 195 6
190 195 -1
191 195 -1
192 195 -1
193 195 -1
194 195 -1
196 196 4
197 196 -1
198 196 -1
199 196 -1
200 196 -1
196 197 -1
197 197 2
198 197 -1
196 198 -1
198 198 4
197 198 -1
199 198 -1
200 198 -1
196 199 -1
199 199 3
198 199 -1
200 199 -1
196 200 -1
200 200 3
198 200 -1
199 200 -1
201 201 2
202 201 -1
203 201 -1
201 202 -1
202 202 2
203 202 -1
201 203 -1
203 203 2
202 203 -1
204 204 2
205 204 -1
206 204 -1
204 205 -1
205 205 2
206 205 -1
204 206 -1
206 206 2
205 206 -1
207 207 3
209 207 -1
210 207 -1
211 207 -1
208 208 3
209 208 -1
210 208 -1
211 208 -1
207 209 -1
209 209 4
208 209 -1
210 209 -1
211 209 -1
207 210 -1
210 210 4
208 210 -1
209 210 -1
211 210 -1
207 211 -1
211 211 4
208 211 -1
209 211 -1
210 211 -1
212 212 1
213 212 -1
212 213 -1
213 213 1
214 214 3
215 214 -1
216 214 -1
218 214 -1
214 215 -1
215 215 3
216 215 -1
217 215 -1
214 216 -1
216 216 3
215 216 -1
217 216 -1
215 217 -1
217 217 3
216 217 -1
218 217 -1
214 218 -1
218 218 2
217 218 -1
219 219 2
220 219 -1
221 219 -1
219 220 -1
220 220 2
221 220 -1
219 221 -1
221 221 2
220 221 -1
222 222 3
223 222 -1
224 222 -1
225 222 -1
222 223 -1
223 223 3
224 223 -1
225 223 -1
222 224 -1
224 224 2
223 224 -1
222 225 -1
225 225 2
223 225 -1
226 226 4
227 226 -1
228 226 -1
229 226 -1
230 226 -1
226 227 -1
227 227 3
229 227 -1
230 227 -1
226 228 -1
228 228 3
229 228 -1
230 228 -1
226 229 -1
229 229 3
227 229 -1
228 229 -1
226 230 -1
230 230 3
227 230 -1
228 230 -1
231 231 6
232 231 -1
233 231 -1
234 231 -1
235 231 -1
236 231 -1
237 231 -1
231 232 -1
232 232 5
233 232 -1
234 232 -1
235 232 -1
236 232 -1
231 233 -1
233 233 4
232 233 -1
234 233 -1
235 233 -1
231 234 -1
234 234 5
232 234 -1
233 234 -1
235 234 -1
236 234 -1
231 235 -1
235 235 4
232 235 -1
233 235 -1
234 235 -1
231 236 -1
236 236 4
232 236 -1
234 236 -1
237 236 -1
231 237 -1
237 237 2
236 237 -1
238 238 3
239 238 -1
241 238 -1
242 238 -1
238 239 -1
239 239 4
240 239 -1
241 239 -1
242 239 -1
239 240 -1
240 240 3
241 240 -1
242 240 -1
238 241 -1
241 241 3
239 241 -1
240 241 -1
238 242 -1
242 242 3
239 242 -1
240 242 -1
243 243 1
244 243 -1
243 244 -1
244 244 1
245 245 4
246 245 -1
247 245 -1
249 245 -1
250 245 -1
245 246 -1
246 246 3
248 246 -1
249 246 -1
245 247 -1
247 247 2
248 247 -1
246 248 -1
248 248 2
247 248 -1
245 249 -1
249 249 3
246 249 -1
250 249 -1
245 250 -1
250 250 2
249 250 -1
251 251 6
252 251 -1
253 251 -1
254 251 -1
255 251 -1
256 251 -1
257 251 -1
251 252 -1
252 252 5
253 252 -1
254 252 -1
255 252 -1
256 252 -1
251 253 -1
253 253 6
252 253 -1
254 253 -1
255 253 -1
256 253 -1
257 253 -1
251 254 -1
254 254 5
252 254 -1
253 254 -1
255 254 -1
256 254 -1
251 255 -1
255 255 4
252 255 -1
253 255 -1
254 255 -1
251 256 -1
256 256 4
252 256 -1
253 256 -1
254 256 -1
251 257 -1
257 257 2
253 257 -1
258 258 1
259 258 -1
258 259 -1
259 259 1
260 260 4
261 260 -1
262 260 -1
263 260 -1
264 260 -1
260 261 -1
261 261 4
262 261 -1
263 261 -1
264 261 -1
260 262 -1
262 262 4
261 262 -1
263 262 -1
264 262 -1
260 263 -1
263 263 4
261 263 -1
262 263 -1
264 263 -1
260 264 -1
264 264 4
261 264 -1
262 264 -1
263 264 -1
265 265 5
266 265 -1
267 265 -1
268 265 -1
269 265 -1
270 265 -1
265 266 -1
266 266 5
267 266 -1
268 266 -1
269 266 -1
270 266 -1
265 267 -1
267 267 4
266 267 -1
269 267 -1
270 267 -1
265 268 -1
268 268 4
266 268 -1
269 268 -1
270 268 -1
265 269 -1
269 269 4
266 269 -1
267 269 -1
268 269 -1
265 270 -1
270 270 4
266 270 -1
267 270 -1
268 270 -1
271 271 2
272 271 -1
273 271 -1
271 272 -1
272 272 2
273 272 -1
271 273 -1
273 273 2
272 273 -1
274 274 4
275 274 -1
276 274 -1
277 274 -1
279 274 -1
274 275 -1
275 275 5
276 275 -1
277 275 -1
278 275 -1
279 275 -1
274 276 -1
276 276 4
275 276 -1
278 276 -1
279 276 -1
274 277 -1
277 277 4
275 277 -1
278 277 -1
279 277 -1
275 278 -1
278 278 4
276 278 -1
277 278 -1
279 278 -1
274 279 -1
279 279 5
275 279 -1
276 279 -1
277 279 -1
278 279 -1
280 280 3
281 280 -1
282 280 -1
284 280 -1
280 281 -1
281 281 3
282 281 -1
283 281 -1
280 282 -1
282 282 4
281 282 -1
283 282 -1
284 282 -1
281 283 -1
283 283 2
282 283 -1
280 284 -1
284 284 2
282 284 -1
285 285 1
289 285 -1
286 286 3
287 286 -1
288 286 -1
289 286 -1
286 287 -1
287 287 3
288 287 -1
289 287 -1
286 288 -1
288 288 2
287 288 -1
285 289 -1
289 289 3
286 289 -1
287 289 -1
291 291 6
292 291 -1
293 291 -1
294 291 -1
295 291 -1
296 291 -1
297 291 -1
291 292 -1
292 292 4
293 292 -1
295 292 -1
296 292 -1
291 293 -1
293 293 6
292 293 -1
294 293 -1
295 293 -1
296 293 -1
297 293 -1
291 294 -1
294 294 4
293 294 -1
296 294 -1
297 294 -1
291 295 -1
295 295 4
292 295 -1
293 295 -1
297 295 -1
291 296 -1
296 296 5
292 296 -1
293 296 -1
294 296 -1
297 296 -1
291 297 -1
297 297 5
293 297 -1
294 297 -1
295 297 -1
296 297 -1
298 298 4
299 298 -1
300 298 -1
301 298 -1
302 298 -1
298 299 -1
299 299 4
300 299 -1
301 299 -1
302 299 -1
298 300 -1
300 300 3
299 300 -1
301 300 -1
298 301 -1
301 301 4
299 301 -1
300 301 -1
302 301 -1
298 302 -1
302 302 3
299 302 -1
301 302 -1
303 303 3
304 303 -1
305 303 -1
306 303 -1
303 304 -1
304 304 3
305 304 -1
306 304 -1
303 305 -1
305 305 3
304 305 -1
306 305 -1
303 306 -1
306 306 3
304 306 -1
305 306 -1
308 308 3
309 308 -1
312 308 -1
315 308 -1
308 309 -1
309 309 4
311 309 -1
314 309 -1
316 309 -1
310 310 5
311 310 -1
312 310 -1
313 310 -1
314 310 -1
316 310 -1
309 311 -1
311 311 6
310 311 -1
312 311 -1
313 311 -1
314 311 -1
316 311 -1
308 312 -1
312 312 6
310 312 -1
311 312 -1
313 312 -1
314 312 -1
315 312 -1
310 313 -1
313 313 3
311 313 -1
312 313 -1
309 314 -1
314 314 5
310 314 -1
311 314 -1
312 314 -1
316 314 -1
308 315 -1
315 315 3
312 315 -1
316 315 -1
309 316 -1
316 316 5
310 316 -1
311 316 -1
314 316 -1
315 316 -1
317 317 6
318 317 -1
319 317 -1
320 317 -1
321 317 -1
322 317 -1
323 317 -1
317 318 -1
318 318 6
319 318 -1
320 318 -1
321 318 -1
322 318 -1
323 318 -1
317 319 -1
319 319 6
318 319 -1
320 319 -1
321 319 -1
322 319 -1
323 319 -1
317 320 -1
320 320 5
318 320 -1
319 320 -1
322 320 -1
323 320 -1
317 321 -1
321 321 4
318 321 -1
319 321 -1
322 321 -1
317 322 -1
322 322 6
318 322 -1
319 322 -1
320 322 -1
321 322 -1
323 322 -1
317 323 -1
323 323 5
318 323 -1
319 323 -1
320 323 -1
322 323 -1
324 324 4
325 324 -1
326 324 -1
327 324 -1
328 324 -1
324 325 -1
325 325 4
326 325 -1
327 325 -1
328 325 -1
324 326 -1
326 326 4
325 326 -1
327 326 -1
328 326 -1
324 327 -1
327 327 4
325 327 -1
326 327 -1
328 327 -1
324 328 -1
328 328 4
325 328 -1
326 328 -1
327 328 -1
329 329 1
330 329 -1
329 330 -1
330 330 1
331 331 2
332 331 -1
333 331 -1
331 332 -1
332 332 4
333 332 -1
334 332 -1
335 332 -1
331 333 -1
333 333 3
332 333 -1
334 333 -1
332 334 -1
334 334 3
333 334 -1
335 334 -1
332 335 -1
335 335 2
334 335 -1
336 336 2
337 336 -1
338 336 -1
336 337 -1
337 337 2
338 337 -1
336 338 -1
338 338 2
337 338 -1
339 339 4
340 339 -1
341 339 -1
342 339 -1
343 339 -1
339 340 -1
340 340 3
342 340 -1
343 340 -1
339 341 -1
341 341 3
342 341 -1
343 341 -1
339 342 -1
342 342 3
340 342 -1
341 342 -1
339 343 -1
343 343 3
340 343 -1
341 343 -1
344 344 2
345 344 -1
346 344 -1
344 345 -1
345 345 2
346 345 -1
344 346 -1
346 346 2
345 346 -1
347 347 5
348 347 -1
349 347 -1
350 347 -1
351 347 -1
352 347 -1
347 348 -1
348 348 5
349 348 -1
350 348 -1
351 348 -1
352 348 -1
347 349 -1
349 349 4
348 349 -1
350 349 -1
352 349 -1
347 350 -1
350 350 4
348 350 -1
349 350 -1
352 350 -1
347 351 -1
351 351 2
348 351 -1
347 352 -1
352 352 4
348 352 -1
349 352 -1
350 352 -1
354 354 4
355 354 -1
356 354 -1
357 354 -1
358 354 -1
354 355 -1
355 355 3
357 355 -1
358 355 -1
354 356 -1
356 356 2
358 356 -1
354 357 -1
357 357 3
355 357 -1
358 357 -1
354 358 -1
358 358 4
355 358 -1
356 358 -1
357 358 -1
359 359 4
360 359 -1
361 359 -1
362 359 -1
363 359 -1
359 360 -1
360 360 4
361 360 -1
362 360 -1
363 360 -1
359 361 -1
361 361 4
360 361 -1
362 361 -1
363 361 -1
359 362 -1
362 362 3
360 362 -1
361 362 -1
359 363 -1
363 363 3
360 363 -1
361 363 -1
364 364 4
365 364 -1
366 364 -1
368 364 -1
369 364 -1
364 365 -1
365 365 4
366 365 -1
367 365 -1
369 365 -1
364 366 -1
366 366 4
365 366 -1
367 366 -1
369 366 -1
365 367 -1
367 367 4
366 367 -1
368 367 -1
369 367 -1
364 368 -1
368 368 2
367 368 -1
364 369 -1
369 369 4
365 369 -1
366 369 -1
367 369 -1
370 370 3
371 370 -1
372 370 -1
373 370 -1
370 371 -1
371 371 3
372 371 -1
373 371 -1
370 372 -1
372 372 3
371 372 -1
373 372 -1
370 373 -1
373 373 3
371 373 -1
372 373 -1
375 375 4
376 375 -1
377 375 -1
378 375 -1
380 375 -1
375 376 -1
376 376 4
378 376 -1
379 376 -1
380 376 -1
375 377 -1
377 377 2
379 377 -1
375 378 -1
378 378 3
376 378 -1
380 378 -1
376 379 -1
379 379 2
377 379 -1
375 380 -1
380 380 3
376 380 -1
378 380 -1
381 381 4
382 381 -1
383 381 -1
385 381 -1
386 381 -1
381 382 -1
382 382 5
383 382 -1
384 382 -1
385 382 -1
386 382 -1
381 383 -1
383 383 4
382 383 -1
385 383 -1
386 383 -1
382 384 -1
384 384 1
381 385 -1
385 385 3
382 385 -1
383 385 -1
381 386 -1
386 386 3
382 386 -1
383 386 -1
387 387 2
388 387 -1
389 387 -1
387 388 -1
388 388 2
389 388 -1
387 389 -1
389 389 2
388 389 -1
390 390 4
391 390 -1
392 390 -1
393 390 -1
394 390 -1
390 391 -1
391 391 4
392 391 -1
393 391 -1
394 391 -1
390 392 -1
392 392 3
391 392 -1
393 392 -1
390 393 -1
393 393 4
391 393 -1
392 393 -1
394 393 -1
390 394 -1
394 394 3
391 394 -1
393 394 -1
395 395 2
396 395 -1
397 395 -1
395 396 -1
396 396 2
397 396 -1
395 397 -1
397 397 2
396 397 -1
398 398 2
399 398 -1
400 398 -1
398 399 -1
399 399 2
400 399 -1
398 400 -1
400 400 2
399 400 -1
401 401 3
402 401 -1
403 401 -1
404 401 -1
401 402 -1
402 402 3
403 402 -1
404 402 -1
401 403 -1
403 403 3
402 403 -1
404 403 -1
401 404 -1
404 404 3
402 404 -1
403 404 -1
405 405 4
406 405 -1
409 405 -1
410 405 -1
414 405 -1
405 406 -1
406 406 3
410 406 -1
412 406 -1
407 407 7
408 407 -1
409 407 -1
411 407 -1
413 407 -1
414 407 -1
415 407 -1
416 407 -1
407 408 -1
408 408 9
409 408 -1
410 408 -1
411 408 -1
412 408 -1
413 408 -1
414 408 -1
415 408 -1
416 408 -1
405 409 -1
409 409 7
407 409 -1
408 409 -1
411 409 -1
412 409 -1
413 409 -1
414 409 -1
405 410 -1
410 410 6
406 410 -1
408 410 -1
411 410 -1
415 410 -1
416 410 -1
407 411 -1
411 411 7
408 411 -1
409 411 -1
410 411 -1
412 411 -1
415 411 -1
416 411 -1
406 412 -1
412 412 5
408 412 -1
409 412 -1
411 412 -1
415 412 -1
407 413 -1
413 413 5
408 413 -1
409 413 -1
414 413 -1
416 413 -1
405 414 -1
414 414 6
407 414 -1
408 414 -1
409 414 -1
413 414 -1
416 414 -1
407 415 -1
415 415 6
408 415 -1
410 415 -1
411 415 -1
412 415 -1
416 415 -1
407 416 -1
416 416 7
408 416 -1
410 416 -1
411 416 -1
413 416 -1
414 416 -1
415 416 -1
417 417 1
418 417 -1
417 418 -1
418 418 1
419 419 4
420 419 -1
421 419 -1
422 419 -1
423 419 -1
419 420 -1
420 420 4
421 420 -1
422 420 -1
423 420 -1
419 421 -1
421 421 3
420 421 -1
422 421 -1
419 422 -1
422 422 4
420 422 -1
421 422 -1
423 422 -1
419 423 -1
423 423 3
420 423 -1
422 423 -1
424 424 3
425 424 -1
426 424 -1
427 424 -1
424 425 -1
425 425 2
427 425 -1
424 426 -1
426 426 2
427 426 -1
424 427 -1
427 427 3
425 427 -1
426 427 -1
428 428 4
429 428 -1
430 428 -1
431 428 -1
432 428 -1
428 429 -1
429 429 3
430 429 -1
431 429 -1
428 430 -1
430 430 4
429 430 -1
431 430 -1
432 430 -1
428 431 -1
431 431 4
429 431 -1
430 431 -1
432 431 -1
428 432 -1
432 432 3
430 432 -1
431 432 -1
433 433 3
434 433 -1
435 433 -1
436 433 -1
433 434 -1
434 434 1
433 435 -1
435 435 2
436 435 -1
433 436 -1
436 436 2
435 436 -1
437 437 2
438 437 -1
439 437 -1
437 438 -1
438 438 2
439 438 -1
437 439 -1
439 439 2
438 439 -1
440 440 2
441 440 -1
442 440 -1
440 441 -1
441 441 2
442 441 -1
440 442 -1
442 442 2
441 442 -1
443 443 3
444 443 -1
445 443 -1
446 443 -1
443 444 -1
444 444 3
445 444 -1
446 444 -1
443 445 -1
445 445 3
444 445 -1
446 445 -1
443 446 -1
446 446 3
444 446 -1
445 446 -1
447 447 5
448 447 -1
449 447 -1
450 447 -1
451 447 -1
452 447 -1
447 448 -1
448 448 4
449 448 -1
450 448 -1
451 448 -1
447 449 -1
449 449 5
448 449 -1
450 449 -1
451 449 -1
452 449 -1
447 450 -1
450 450 3
448 450 -1
449 450 -1
447 451 -1
451 451 3
448 451 -1
449 451 -1
447 452 -1
452 452 2
449 452 -1
453 453 1
454 453 -1
453 454 -1
454 454 1
455 455 2
456 455 -1
457 455 -1
455 456 -1
456 456 2
457 456 -1
455 457 -1
457 457 2
456 457 -1
458 458 2
459 458 -1
460 458 -1
458 459 -1
459 459 2
460 459 -1
458 460 -1
460 460 2
459 460 -1
461 461 2
462 461 -1
463 461 -1
461 462 -1
462 462 2
463 462 -1
461 463 -1
463 463 2
462 463 -1
464 464 2
465 464 -1
466 464 -1
464 465 -1
465 465 2
466 465 -1
464 466 -1
466 466 2
465 466 -1
467 467 4
468 467 -1
469 467 -1
470 467 -1
471 467 -1
467 468 -1
468 468 4
469 468 -1
470 468 -1
471 468 -1
467 469 -1
469 469 3
468 469 -1
470 469 -1
467 470 -1
470 470 4
468 470 -1
469 470 -1
471 470 -1
467 471 -1
471 471 3
468 471 -1
470 471 -1
472 472 3
473 472 -1
474 472 -1
475 472 -1
472 473 -1
473 473 4
474 473 -1
475 473 -1
476 473 -1
472 474 -1
474 474 3
473 474 -1
476 474 -1
472 475 -1
475 475 3
473 475 -1
476 475 -1
473 476 -1
476 476 3
474 476 -1
475 476 -1
477 477 3
478 477 -1
479 477 -1
480 477 -1
477 478 -1
478 478 3
479 478 -1
480 478 -1
477 479 -1
479 479 3
478 479 -1
480 479 -1
477 480 -1
480 480 3
478 480 -1
479 480 -1
481 481 2
482 481 -1
483 481 -1
481 482 -1
482 482 2
483 482 -1
481 483 -1
483 483 2
482 483 -1
484 484 5
485 484 -1
486 484 -1
487 484 -1
488 484 -1
489 484 -1
484 485 -1
485 485 3
486 485 -1
487 485 -1
484 486 -1
486 486 4
485 486 -1
488 486 -1
489 486 -1
484 487 -1
487 487 2
485 487 -1
484 488 -1
488 488 3
486 488 -1
489 488 -1
484 489 -1
489 489 3
486 489 -1
488 489 -1
490 490 4
491 490 -1
492 490 -1
493 490 -1
494 490 -1
490 491 -1
491 491 4
492 491 -1
493 491 -1
494 491 -1
490 492 -1
492 492 4
491 492 -1
493 492 -1
494 492 -1
490 493 -1
493 493 3
491 493 -1
492 493 -1
490 494 -1
494 494 3
491 494 -1
492 494 -1
495 495 3
496 495 -1
498 495 -1
499 495 -1
495 496 -1
496 496 2
497 496 -1
496 497 -1
497 497 3
498 497 -1
499 497 -1
495 498 -1
498 498 3
497 498 -1
499 498 -1
495 499 -1
499 499 3
497 499 -1
498 499 -1
500 500 1
501 500 -1
500 501 -1
501 501 1
502 502 2
503 502 -1
504 502 -1
502 503 -1
503 503 2
504 503 -1
502 504 -1
504 504 2
503 504 -1
505 505 4
506 505 -1
508 505 -1
509 505 -1
510 505 -1
505 506 -1
506 506 5
507 506 -1
508 506 -1
509 506 -1
510 506 -1
506 507 -1
507 507 3
508 507 -1
509 507 -1
505 508 -1
508 508 5
506 508 -1
507 508 -1
509 508 -1
510 508 -1
505 509 -1
509 509 4
506 509 -1
507 509 -1
508 509 -1
505 510 -1
510 510 3
506 510 -1
508 510 -1
511 511 5
513 511 -1
514 511 -1
515 511 -1
516 511 -1
517 511 -1
512 512 2
513 512 -1
514 512 -1
511 513 -1
513 513 5
512 513 -1
515 513 -1
516 513 -1
517 513 -1
511 514 -1
514 514 5
512 514 -1
515 514 -1
516 514 -1
517 514 -1
511 515 -1
515 515 5
513 515 -1
514 515 -1
516 515 -1
517 515 -1
511 516 -1
516 516 5
513 516 -1
514 516 -1
515 516 -1
517 516 -1
511 517 -1
517 517 5
513 517 -1
514 517 -1
515 517 -1
516 517 -1
518 518 3
519 518 -1
520 518 -1
521 518 -1
518 519 -1
519 519 3
520 519 -1
521 519 -1
518 520 -1
520 520 3
519 520 -1
521 520 -1
518 521 -1
521 521 3
519 521 -1
520 521 -1
522 522 1
523 522 -1
522 523 -1
523 523 1
525 525 3
526 525 -1
527 525 -1
528 525 -1
525 526 -1
526 526 4
527 526 -1
528 526 -1
529 526 -1
525 527 -1
527 527 3
526 527 -1
528 527 -1
525 528 -1
528 528 4
526 528 -1
527 528 -1
529 528 -1
526 529 -1
529 529 2
528 529 -1
530 530 7
531 530 -1
532 530 -1
533 530 -1
534 530 -1
535 530 -1
536 530 -1
537 530 -1
530 531 -1
531 531 5
532 531 -1
533 531 -1
534 531 -1
535 531 -1
530 532 -1
532 532 5
531 532 -1
533 532 -1
536 532 -1
537 532 -1
530 533 -1
533 533 4
531 533 -1
532 533 -1
535 533 -1
530 534 -1
534 534 4
531 534 -1
535 534 -1
536 534 -1
530 535 -1
535 535 5
531 535 -1
533 535 -1
534 535 -1
537 535 -1
530 536 -1
536 536 4
532 536 -1
534 536 -1
537 536 -1
530 537 -1
537 537 4
532 537 -1
535 537 -1
536 537 -1
539 539 3
540 539 -1
541 539 -1
542 539 -1
539 540 -1
540 540 3
541 540 -1
542 540 -1
539 541 -1
541 541 3
540 541 -1
542 541 -1
539 542 -1
542 542 3
540 542 -1
541 542 -1
543 543 2
544 543 -1
545 543 -1
543 544 -1
544 544 2
545 544 -1
543 545 -1
545 545 2
544 545 -1
546 546 2
547 546 -1
548 546 -1
546 547 -1
547 547 2
548 547 -1
546 548 -1
548 548 2
547 548 -1
549 549 2
550 549 -1
551 549 -1
549 550 -1
550 550 2
551 550 -1
549 551 -1
551 551 2
550 551 -1
552 552 4
553 552 -1
554 552 -1
555 552 -1
556 552 -1
552 553 -1
553 553 4
554 553 -1
555 553 -1
556 553 -1
552 554 -1
554 554 3
553 554 -1
556 554 -1
552 555 -1
555 555 3
553 555 -1
556 555 -1
552 556 -1
556 556 4
553 556 -1
554 556 -1
555 556 -1
557 557 1
558 557 -1
557 558 -1
558 558 1
560 560 4
561 560 -1
562 560 -1
563 560 -1
565 560 -1
560 561 -1
561 561 5
562 561 -1
563 561 -1
564 561 -1
565 561 -1
560 562 -1
562 562 5
561 562 -1
563 562 -1
564 562 -1
565 562 -1
560 563 -1
563 563 4
561 563 -1
562 563 -1
564 563 -1
561 564 -1
564 564 4
562 564 -1
563 564 -1
565 564 -1
560 565 -1
565 565 4
561 565 -1
562 565 -1
564 565 -1
566 566 4
567 566 -1
568 566 -1
569 566 -1
570 566 -1
566 567 -1
567 567 4
568 567 -1
569 567 -1
570 567 -1
566 568 -1
568 568 4
567 568 -1
569 568 -1
570 568 -1
566 569 -1
569 569 4
567 569 -1
568 569 -1
570 569 -1
566 570 -1
570 570 4
567 570 -1
568 570 -1
569 570 -1
571 571 2
572 571 -1
573 571 -1
571 572 -1
572 572 2
573 572 -1
571 573 -1
573 573 2
572 573 -1
574 574 1
575 574 -1
574 575 -1
575 575 1
576 576 2
577 576 -1
580 576 -1
576 577 -1
577 577 3
578 577 -1
579 577 -1
577 578 -1
578 578 3
579 578 -1
580 578 -1
577 579 -1
579 579 2
578 579 -1
576 580 -1
580 580 2
578 580 -1
581 581 4
582 581 -1
583 581 -1
584 581 -1
585 581 -1
581 582 -1
582 582 4
583 582 -1
584 582 -1
585 582 -1
581 583 -1
583 583 4
582 583 -1
584 583 -1
585 583 -1
581 584 -1
584 584 3
582 584 -1
583 584 -1
581 585 -1
585 585 3
582 585 -1
583 585 -1
586 586 3
587 586 -1
588 586 -1
589 586 -1
586 587 -1
587 587 3
588 587 -1
589 587 -1
586 588 -1
588 588 3
587 588 -1
589 588 -1
586 589 -1
589 589 3
587 589 -1
588 589 -1
591 591 1
592 591 -1
591 592 -1
592 592 1
593 593 1
594 593 -1
593 594 -1
594 594 1
595 595 3
596 595 -1
598 595 -1
599 595 -1
595 596 -1
596 596 2
597 596 -1
596 597 -1
597 597 1
595 598 -1
598 598 2
599 598 -1
595 599 -1
599 599 2
598 599 -1
600 600 3
601 600 -1
602 600 -1
603 600 -1
600 601 -1
601 601 3
602 601 -1
603 601 -1
600 602 -1
602 602 3
601 602 -1
603 602 -1
600 603 -1
603 603 3
601 603 -1
602 603 -1
604 604 3
605 604 -1
606 604 -1
607 604 -1
604 605 -1
605 605 3
606 605 -1
607 605 -1
604 606 -1
606 606 3
605 606 -1
607 606 -1
604 607 -1
607 607 3
605 607 -1
606 607 -1
608 608 1
609 608 -1
608 609 -1
609 609 1
610 610 3
611 610 -1
612 610 -1
613 610 -1
610 611 -1
611 611 3
612 611 -1
613 611 -1
610 612 -1
612 612 3
611 612 -1
613 612 -1
610 613 -1
613 613 3
611 613 -1
612 613 -1
614 614 4
615 614 -1
616 614 -1
617 614 -1
618 614 -1
614 615 -1
615 615 5
616 615 -1
617 615 -1
618 615 -1
619 615 -1
614 616 -1
616 616 4
615 616 -1
618 616 -1
619 616 -1
614 617 -1
617 617 3
615 617 -1
619 617 -1
614 618 -1
618 618 4
615 618 -1
616 618 -1
619 618 -1
615 619 -1
619 619 4
616 619 -1
617 619 -1
618 619 -1
620 620 1
621 620 -1
620 621 -1
621 621 1
622 622 1
623 622 -1
622 623 -1
623 623 1
624 624 4
626 624 -1
627 624 -1
628 624 -1
629 624 -1
625 625 3
626 625 -1
627 625 -1
628 625 -1
624 626 -1
626 626 4
625 626 -1
627 626 -1
629 626 -1
624 627 -1
627 627 4
625 627 -1
626 627 -1
629 627 -1
624 628 -1
628 628 3
625 628 -1
629 628 -1
624 629 -1
629 629 4
626 629 -1
627 629 -1
628 629 -1
630 630 2
631 630 -1
632 630 -1
630 631 -1
631 631 2
632 631 -1
630 632 -1
632 632 2
631 632 -1
633 633 2
634 633 -1
635 633 -1
633 634 -1
634 634 2
635 634 -1
633 635 -1
635 635 2
634 635 -1
636 636 4
637 636 -1
638 636 -1
639 636 -1
640 636 -1
636 637 -1
637 637 3
638 637 -1
639 637 -1
636 638 -1
638 638 3
637 638 -1
640 638 -1
636 639 -1
639 639 2
637 639 -1
636 640 -1
640 640 2
638 640 -1
641 641 4
642 641 -1
643 641 -1
644 641 -1
645 641 -1
641 642 -1
642 642 4
643 642 -1
644 642 -1
645 642 -1
641 643 -1
643 643 4
642 643 -1
644 643 -1
645 643 -1
641 644 -1
644 644 3
642 644 -1
643 644 -1
641 645 -1
645 645 3
642 645 -1
643 645 -1
646 646 3
647 646 -1
648 646 -1
649 646 -1
646 647 -1
647 647 3
648 647 -1
649 647 -1
646 648 -1
648 648 3
647 648 -1
649 648 -1
646 649 -1
649 649 3
647 649 -1
648 649 -1
650 650 1
651 650 -1
650 651 -1
651 651 1
652 652 2
653 652 -1
654 652 -1
652 653 -1
653 653 2
654 653 -1
652 654 -1
654 654 2
653 654 -1
655 655 2
656 655 -1
657 655 -1
655 656 -1
656 656 2
657 656 -1
655 657 -1
657 657 2
656 657 -1
658 658 4
659 658 -1
660 658 -1
661 658 -1
663 658 -1
658 659 -1
659 659 5
660 659 -1
661 659 -1
662 659 -1
663 659 -1
658 660 -1
660 660 4
659 660 -1
662 660 -1
663 660 -1
658 661 -1
661 661 4
659 661 -1
662 661 -1
663 661 -1
659 662 -1
662 662 3
660 662 -1
661 662 -1
658 663 -1
663 663 4
659 663 -1
660 663 -1
661 663 -1
664 664 1
665 664 -1
664 665 -1
665 665 1
666 666 4
667 666 -1
668 666 -1
669 666 -1
670 666 -1
666 667 -1
667 667 3
669 667 -1
670 667 -1
666 668 -1
668 668 3
669 668 -1
670 668 -1
666 669 -1
669 669 4
667 669 -1
668 669 -1
670 669 -1
666 670 -1
670 670 4
667 670 -1
668 670 -1
669 670 -1
671 671 1
672 671 -1
671 672 -1
672 672 1
673 673 3
674 673 -1
675 673 -1
676 673 -1
673 674 -1
674 674 2
675 674 -1
673 675 -1
675 675 4
674 675 -1
676 675 -1
677 675 -1
673 676 -1
676 676 2
675 676 -1
675 677 -1
677 677 1
678 678 3
679 678 -1
680 678 -1
681 678 -1
678 679 -1
679 679 2
680 679 -1
678 680 -1
680 680 3
679 680 -1
681 680 -1
678 681 -1
681 681 2
680 681 -1
682 682 4
683 682 -1
684 682 -1
686 682 -1
687 682 -1
682 683 -1
683 683 5
684 683 -1
685 683 -1
686 683 -1
687 683 -1
682 684 -1
684 684 4
683 684 -1
685 684 -1
686 684 -1
683 685 -1
685 685 3
684 685 -1
686 685 -1
682 686 -1
686 686 4
683 686 -1
684 686 -1
685 686 -1
682 687 -1
687 687 2
683 687 -1
688 688 3
689 688 -1
690 688 -1
691 688 -1
688 689 -1
689 689 3
690 689 -1
692 689 -1
688 690 -1
690 690 3
689 690 -1
692 690 -1
688 691 -1
691 691 1
689 692 -1
692 692 2
690 692 -1
693 693 2
694 693 -1
695 693 -1
693 694 -1
694 694 2
695 694 -1
693 695 -1
695 695 2
694 695 -1
696 696 2
697 696 -1
698 696 -1
696 697 -1
697 697 2
698 697 -1
696 698 -1
698 698 2
697 698 -1
699 699 2
700 699 -1
701 699 -1
699 700 -1
700 700 2
701 700 -1
699 701 -1
701 701 2
700 701 -1
702 702 3
703 702 -1
705 702 -1
706 702 -1
702 703 -1
703 703 4
704 703 -1
705 703 -1
706 703 -1
703 704 -1
704 704 3
705 704 -1
706 704 -1
702 705 -1
705 705 3
703 705 -1
704 705 -1
702 706 -1
706 706 3
703 706 -1
704 706 -1
707 707 4
708 707 -1
709 707 -1
710 707 -1
711 707 -1
707 708 -1
708 708 4
709 708 -1
710 708 -1
711 708 -1
707 709 -1
709 709 3
708 709 -1
710 709 -1
707 710 -1
710 710 4
708 710 -1
709 710 -1
711 710 -1
707 711 -1
711 711 3
708 711 -1
710 711 -1
712 712 3
713 712 -1
714 712 -1
715 712 -1
712 713 -1
713 713 3
714 713 -1
715 713 -1
712 714 -1
714 714 2
713 714 -1
712 715 -1
715 715 2
713 715 -1
717 717 2
718 717 -1
719 717 -1
717 718 -1
718 718 2
719 718 -1
717 719 -1
719 719 2
718 719 -1
720 720 5
721 720 -1
722 720 -1
723 720 -1
724 720 -1
726 720 -1
720 721 -1
721 721 6
722 721 -1
723 721 -1
724 721 -1
725 721 -1
726 721 -1
720 722 -1
722 722 5
721 722 -1
723 722 -1
724 722 -1
725 722 -1
720 723 -1
723 723 4
721 723 -1
722 723 -1
726 723 -1
720 724 -1
724 724 5
721 724 -1
722 724 -1
725 724 -1
726 724 -1
721 725 -1
725 725 4
722 725 -1
724 725 -1
726 725 -1
720 726 -1
726 726 5
721 726 -1
723 726 -1
724 726 -1
725 726 -1
727 727 4
728 727 -1
729 727 -1
730 727 -1
731 727 -1
727 728 -1
728 728 4
729 728 -1
730 728 -1
731 728 -1
727 729 -1
729 729 3
728 729 -1
731 729 -1
727 730 -1
730 730 3
728 730 -1
731 730 -1
727 731 -1
731 731 4
728 731 -1
729 731 -1
730 731 -1
732 732 2
733 732 -1
734 732 -1
732 733 -1
733 733 2
734 733 -1
732 734 -1
734 734 2
733 734 -1
735 735 4
736 735 -1
737 735 -1
738 735 -1
739 735 -1
735 736 -1
736 736 3
737 736 -1
739 736 -1
735 737 -1
737 737 4
736 737 -1
738 737 -1
739 737 -1
735 738 -1
738 738 2
737 738 -1
735 739 -1
739 739 3
736 739 -1
737 739 -1
740 740 5
741 740 -1
742 740 -1
743 740 -1
744 740 -1
745 740 -1
740 741 -1
741 741 4
742 741 -1
743 741 -1
744 741 -1
740 742 -1
742 742 4
741 742 -1
744 742 -1
745 742 -1
740 743 -1
743 743 3
741 743 -1
744 743 -1
740 744 -1
744 744 5
741 744 -1
742 744 -1
743 744 -1
745 744 -1
740 745 -1
745 745 3
742 745 -1
744 745 -1
746 746 5
747 746 -1
748 746 -1
749 746 -1
750 746 -1
752 746 -1
746 747 -1
747 747 5
748 747 -1
749 747 -1
750 747 -1
751 747 -1
746 748 -1
748 748 6
747 748 -1
749 748 -1
750 748 -1
751 748 -1
752 748 -1
746 749 -1
749 749 5
747 749 -1
748 749 -1
751 749 -1
752 749 -1
746 750 -1
750 750 3
747 750 -1
748 750 -1
747 751 -1
751 751 4
748 751 -1
749 751 -1
752 751 -1
746 752 -1
752 752 4
748 752 -1
749 752 -1
751 752 -1
753 753 4
754 753 -1
755 753 -1
756 753 -1
757 753 -1
753 754 -1
754 754 4
755 754 -1
756 754 -1
757 754 -1
753 755 -1
755 755 4
754 755 -1
756 755 -1
757 755 -1
753 756 -1
756 756 4
754 756 -1
755 756 -1
757 756 -1
753 757 -1
757 757 4
754 757 -1
755 757 -1
756 757 -1
758 758 3
759 758 -1
760 758 -1
761 758 -1
758 759 -1
759 759 3
760 759 -1
761 759 -1
758 760 -1
760 760 3
759 760 -1
761 760 -1
758 761 -1
761 761 3
759 761 -1
760 761 -1
762 762 4
763 762 -1
764 762 -1
765 762 -1
767 762 -1
762 763 -1
763 763 5
764 763 -1
765 763 -1
766 763 -1
767 763 -1
762 764 -1
764 764 4
763 764 -1
766 764 -1
767 764 -1
762 765 -1
765 765 4
763 765 -1
766 765 -1
767 765 -1
763 766 -1
766 766 3
764 766 -1
765 766 -1
762 767 -1
767 767 4
763 767 -1
764 767 -1
765 767 -1
768 768 2
769 768 -1
770 768 -1
768 769 -1
769 769 2
770 769 -1
768 770 -1
770 770 2
769 770 -1
771 771 2
772 771 -1
773 771 -1
771 772 -1
772 772 2
773 772 -1
771 773 -1
773 773 2
772 773 -1
774 774 2
775 774 -1
776 774 -1
774 775 -1
775 775 2
776 775 -1
774 776 -1
776 776 2
775 776 -1
777 777 1
778 777 -1
777 778 -1
778 778 1
780 780 2
781 780 -1
782 780 -1
780 781 -1
781 781 2
782 781 -1
780 782 -1
782 782 2
781 782 -1
783 783 2
784 783 -1
785 783 -1
783 784 -1
784 784 2
785 784 -1
783 785 -1
785 785 2
784 785 -1
786 786 1
787 786 -1
786 787 -1
787 787 1
788 788 1
789 788 -1
788 789 -1
789 789 1
790 790 1
791 790 -1
790 791 -1
791 791 1
793 793 1
794 793 -1
793 794 -1
794 794 1
795 795 3
796 795 -1
797 795 -1
798 795 -1
795 796 -1
796 796 3
797 796 -1
798 796 -1
795 797 -1
797 797 3
796 797 -1
798 797 -1
795 798 -1
798 798 3
796 798 -1
797 798 -1
799 799 1
800 799 -1
799 800 -1
800 800 1
801 801 2
802 801 -1
803 801 -1
801 802 -1
802 802 2
803 802 -1
801 803 -1
803 803 2
802 803 -1
804 804 2
805 804 -1
806 804 -1
804 805 -1
805 805 2
806 805 -1
804 806 -1
806 806 2
805 806 -1
807 807 2
808 807 -1
809 807 -1
807 808 -1
808 808 2
809 808 -1
807 809 -1
809 809 2
808 809 -1
810 810 1
811 810 -1
810 811 -1
811 811 1
812 812 1
813 812 -1
812 813 -1
813 813 1
817 817 2
818 817 -1
819 817 -1
817 818 -1
818 818 2
819 818 -1
817 819 -1
819 819 2
818 819 -1
820 820 2
821 820 -1
822 820 -1
820 821 -1
821 821 2
822 821 -1
820 822 -1
822 822 2
821 822 -1
823 823 2
824 823 -1
825 823 -1
823 824 -1
824 824 2
825 824 -1
823 825 -1
825 825 2
824 825 -1
827 827 3
828 827 -1
829 827 -1
830 827 -1
827 828 -1
828 828 3
829 828 -1
830 828 -1
827 829 -1
829 829 3
828 829 -1
830 829 -1
827 830 -1
830 830 3
828 830 -1
829 830 -1
831 831 2
832 831 -1
833 831 -1
831 832 -1
832 832 2
833 832 -1
831 833 -1
833 833 2
832 833 -1
834 834 1
835 834 -1
834 835 -1
835 835 1
837 837 3
838 837 -1
839 837 -1
840 837 -1
837 838 -1
838 838 3
839 838 -1
840 838 -1
837 839 -1
839 839 3
838 839 -1
840 839 -1
837 840 -1
840 840 3
838 840 -1
839 840 -1
842 842 2
843 842 -1
844 842 -1
842 843 -1
843 843 2
844 843 -1
842 844 -1
844 844 2
843 844 -1
845 845 3
846 845 -1
847 845 -1
848 845 -1
845 846 -1
846 846 2
848 846 -1
845 847 -1
847 847 2
848 847 -1
845 848 -1
848 848 3
846 848 -1
847 848 -1
849 849 4
850 849 -1
851 849 -1
853 849 -1
854 849 -1
849 850 -1
850 850 4
851 850 -1
853 850 -1
854 850 -1
849 851 -1
851 851 4
850 851 -1
852 851 -1
853 851 -1
851 852 -1
852 852 2
854 852 -1
849 853 -1
853 853 3
850 853 -1
851 853 -1
849 854 -1
854 854 3
850 854 -1
852 854 -1
855 855 1
856 855 -1
855 856 -1
856 856 1
857 857 5
858 857 -1
859 857 -1
860 857 -1
862 857 -1
863 857 -1
857 858 -1
858 858 6
859 858 -1
860 858 -1
861 858 -1
862 858 -1
863 858 -1
857 859 -1
859 859 4
858 859 -1
860 859 -1
862 859 -1
857 860 -1
860 860 5
858 860 -1
859 860 -1
861 860 -1
863 860 -1
858 861 -1
861 861 3
860 861 -1
863 861 -1
857 862 -1
862 862 4
858 862 -1
859 862 -1
863 862 -1
857 863 -1
863 863 5
858 863 -1
860 863 -1
861 863 -1
862 863 -1
864 864 3
865 864 -1
866 864 -1
867 864 -1
864 865 -1
865 865 2
867 865 -1
864 866 -1
866 866 2
867 866 -1
864 867 -1
867 867 3
865 867 -1
866 867 -1
868 868 3
869 868 -1
870 868 -1
871 868 -1
868 869 -1
869 869 3
870 869 -1
871 869 -1
868 870 -1
870 870 3
869 870 -1
871 870 -1
868 871 -1
871 871 3
869 871 -1
870 871 -1
872 872 1
873 872 -1
872 873 -1
873 873 1
874 874 5
875 874 -1
876 874 -1
877 874 -1
878 874 -1
879 874 -1
874 875 -1
875 875 5
876 875 -1
877 875 -1
878 875 -1
879 875 -1
874 876 -1
876 876 4
875 876 -1
877 876 -1
879 876 -1
874 877 -1
877 877 5
875 877 -1
876 877 -1
878 877 -1
879 877 -1
874 878 -1
878 878 3
875 878 -1
877 878 -1
874 879 -1
879 879 4
875 879 -1
876 879 -1
877 879 -1
880 880 2
881 880 -1
882 880 -1
880 881 -1
881 881 2
882 881 -1
880 882 -1
882 882 2
881 882 -1
883 883 3
884 883 -1
885 883 -1
886 883 -1
883 884 -1
884 884 3
885 884 -1
886 884 -1
883 885 -1
885 885 3
884 885 -1
886 885 -1
883 886 -1
886 886 3
884 886 -1
885 886 -1
888 888 4
889 888 -1
890 888 -1
891 888 -1
892 888 -1
888 889 -1
889 889 4
890 889 -1
891 889 -1
892 889 -1
888 890 -1
890 890 4
889 890 -1
891 890 -1
892 890 -1
888 891 -1
891 891 4
889 891 -1
890 891 -1
892 891 -1
888 892 -1
892 892 4
889 892 -1
890 892 -1
891 892 -1
893 893 2
894 893 -1
895 893 -1
893 894 -1
894 894 2
895 894 -1
893 895 -1
895 895 2
894 895 -1
896 896 3
897 896 -1
898 896 -1
900 896 -1
896 897 -1
897 897 4
898 897 -1
899 897 -1
900 897 -1
896 898 -1
898 898 4
897 898 -1
899 898 -1
900 898 -1
897 899 -1
899 899 3
898 899 -1
900 899 -1
896 900 -1
900 900 4
897 900 -1
898 900 -1
899 900 -1
901 901 6
902 901 -1
903 901 -1
904 901 -1
905 901 -1
906 901 -1
907 901 -1
901 902 -1
902 902 5
903 902 -1
904 902 -1
906 902 -1
907 902 -1
901 903 -1
903 903 6
902 903 -1
904 903 -1
905 903 -1
906 903 -1
907 903 -1
901 904 -1
904 904 5
902 904 -1
903 904 -1
906 904 -1
907 904 -1
901 905 -1
905 905 3
903 905 -1
906 905 -1
901 906 -1
906 906 6
902 906 -1
903 906 -1
904 906 -1
905 906 -1
907 906 -1
901 907 -1
907 907 5
902 907 -1
903 907 -1
904 907 -1
906 907 -1
908 908 1
909 908 -1
908 909 -1
909 909 1
910 910 1
911 910 -1
910 911 -1
911 911 3
912 911 -1
913 911 -1
911 912 -1
912 912 2
913 912 -1
911 913 -1
913 913 2
912 913 -1
914 914 3
915 914 -1
916 914 -1
917 914 -1
914 915 -1
915 915 2
916 915 -1
914 916 -1
916 916 3
915 916 -1
917 916 -1
914 917 -1
917 917 2
916 917 -1
918 918 5
919 918 -1
920 918 -1
921 918 -1
922 918 -1
923 918 -1
918 919 -1
919 919 5
920 919 -1
921 919 -1
922 919 -1
923 919 -1
918 920 -1
920 920 5
919 920 -1
921 920 -1
922 920 -1
923 920 -1
918 921 -1
921 921 5
919 921 -1
920 921 -1
922 921 -1
923 921 -1
918 922 -1
922 922 5
919 922 -1
920 922 -1
921 922 -1
923 922 -1
918 923 -1
923 923 5
919 923 -1
920 923 -1
921 923 -1
922 923 -1
924 924 1
925 924 -1
924 925 -1
925 925 1
926 926 3
927 926 -1
928 926 -1
929 926 -1
926 927 -1
927 927 3
928 927 -1
929 927 -1
926 928 -1
928 928 3
927 928 -1
929 928 -1
926 929 -1
929 929 3
927 929 -1
928 929 -1
931 931 1
932 931 -1
931 932 -1
932 932 1
933 933 6
934 933 -1
935 933 -1
936 933 -1
937 933 -1
938 933 -1
939 933 -1
933 934 -1
934 934 6
935 934 -1
936 934 -1
937 934 -1
938 934 -1
939 934 -1
933 935 -1
935 935 6
934 935 -1
936 935 -1
937 935 -1
938 935 -1
939 935 -1
933 936 -1
936 936 6
934 936 -1
935 936 -1
937 936 -1
938 936 -1
939 936 -1
933 937 -1
937 937 5
934 937 -1
935 937 -1
936 937 -1
938 937 -1
933 938 -1
938 938 5
934 938 -1
935 938 -1
936 938 -1
937 938 -1
933 939 -1
939 939 4
934 939 -1
935 939 -1
936 939 -1
940 940 4
941 940 -1
942 940 -1
943 940 -1
944 940 -1
940 941 -1
941 941 4
942 941 -1
943 941 -1
944 941 -1
940 942 -1
942 942 3
941 942 -1
944 942 -1
940 943 -1
943 943 2
941 943 -1
940 944 -1
944 944 3
941 944 -1
942 944 -1
945 945 4
946 945 -1
947 945 -1
948 945 -1
949 945 -1
945 946 -1
946 946 4
947 946 -1
948 946 -1
949 946 -1
945 947 -1
947 947 4
946 947 -1
948 947 -1
949 947 -1
945 948 -1
948 948 4
946 948 -1
947 948 -1
949 948 -1
945 949 -1
949 949 4
946 949 -1
947 949 -1
948 949 -1
950 950 1
951 950 -1
950 951 -1
951 951 1
952 952 5
953 952 -1
954 952 -1
955 952 -1
956 952 -1
957 952 -1
952 953 -1
953 953 5
954 953 -1
955 953 -1
956 953 -1
957 953 -1
952 954 -1
954 954 5
953 954 -1
955 954 -1
956 954 -1
957 954 -1
952 955 -1
955 955 4
953 955 -1
954 955 -1
957 955 -1
952 956 -1
956 956 3
953 956 -1
954 956 -1
952 957 -1
957 957 4
953 957 -1
954 957 -1
955 957 -1
958 958 1
959 958 -1
958 959 -1
959 959 1
960 960 3
961 960 -1
962 960 -1
963 960 -1
960 961 -1
961 961 3
962 961 -1
963 961 -1
960 962 -1
962 962 3
961 962 -1
963 962 -1
960 963 -1
963 963 3
961 963 -1
962 963 -1
964 964 3
965 964 -1
966 964 -1
967 964 -1
964 965 -1
965 965 3
966 965 -1
967 965 -1
964 966 -1
966 966 2
965 966 -1
964 967 -1
967 967 2
965 967 -1
968 968 1
969 968 -1
968 969 -1
969 969 1
970 970 2
971 970 -1
972 970 -1
970 971 -1
971 971 2
972 971 -1
970 972 -1
972 972 2
971 972 -1
974 974 3
975 974 -1
976 974 -1
977 974 -1
974 975 -1
975 975 3
976 975 -1
977 975 -1
974 976 -1
976 976 2
975 976 -1
974 977 -1
977 977 2
975 977 -1
978 978 5
979 978 -1
980 978 -1
981 978 -1
982 978 -1
983 978 -1
978 979 -1
979 979 5
980 979 -1
981 979 -1
982 979 -1
983 979 -1
978 980 -1
980 980 4
979 980 -1
982 980 -1
983 980 -1
978 981 -1
981 981 4
979 981 -1
982 981 -1
983 981 -1
978 982 -1
982 982 5
979 982 -1
980 982 -1
981 982 -1
983 982 -1
978 983 -1
983 983 5
979 983 -1
980 983 -1
981 983 -1
982 983 -1
984 984 5
985 984 -1
986 984 -1
987 984 -1
988 984 -1
989 984 -1
984 985 -1
985 985 5
986 985 -1
987 985 -1
988 985 -1
989 985 -1
984 986 -1
986 986 4
985 986 -1
987 986 -1
988 986 -1
984 987 -1
987 987 4
985 987 -1
986 987 -1
988 987 -1
984 988 -1
988 988 4
985 988 -1
986 988 -1
987 988 -1
984 989 -1
989 989 2
985 989 -1
990 990 5
991 990 -1
992 990 -1
993 990 -1
994 990 -1
995 990 -1
990 991 -1
991 991 4
993 991 -1
994 991 -1
995 991 -1
990 992 -1
992 992 3
994 992 -1
995 992 -1
990 993 -1
993 993 4
991 993 -1
994 993 -1
995 993 -1
990 994 -1
994 994 5
991 994 -1
992 994 -1
993 994 -1
995 994 -1
990 995 -1
995 995 5
991 995 -1
992 995 -1
993 995 -1
994 995 -1
996 996 1
997 996 -1
996 997 -1
997 997 1
998 998 3
999 998 -1
1000 998 -1
1001 998 -1
998 999 -1
999 999 3
1000 999 -1
1001 999 -1
998 1000 -1
1000 1000 3
999 1000 -1
1001 1000 -1
998 1001 -1
1001 1001 3
999 1001 -1
1000 1001 -1
1002 1002 3
1003 1002 -1
1004 1002 -1
1005 1002 -1
1002 1003 -1
1003 1003 3
1004 1003 -1
1005 1003 -1
1002 1004 -1
1004 1004 3
1003 1004 -1
1005 1004 -1
1002 1005 -1
1005 1005 3
1003 1005 -1
1004 1005 -1
1006 1006 2
1007 1006 -1
1008 1006 -1
1006 1007 -1
1007 1007 2
1008 1007 -1
1006 1008 -1
1008 1008 2
1007 1008 -1
1009 1009 2
1010 1009 -1
1011 1009 -1
1009 1010 -1
1010 1010 2
1011 1010 -1
1009 1011 -1
1011 1011 2
1010 1011 -1
1012 1012 2
1013 1012 -1
1014 1012 -1
1012 1013 -1
1013 1013 2
1014 1013 -1
1012 1014 -1
1014 1014 2
1013 1014 -1
1015 1015 6
1016 1015 -1
1017 1015 -1
1018 1015 -1
1019 1015 -1
1020 1015 -1
1021 1015 -1
1015 1016 -1
1016 1016 6
1017 1016 -1
1018 1016 -1
1019 1016 -1
1020 1016 -1
1021 1016 -1
1015 1017 -1
1017 1017 5
1016 1017 -1
1018 1017 -1
1020 1017 -1
1021 1017 -1
1015 1018 -1
1018 1018 6
1016 1018 -1
1017 1018 -1
1019 1018 -1
1020 1018 -1
1021 1018 -1
1015 1019 -1
1019 1019 5
1016 1019 -1
1018 1019 -1
1020 1019 -1
1021 1019 -1
1015 1020 -1
1020 1020 5
1016 1020 -1
1017 1020 -1
1018 1020 -1
1019 1020 -1
1015 1021 -1
1021 1021 5
1016 1021 -1
1017 1021 -1
1018 1021 -1
1019 1021 -1
1022 1022 2
1023 1022 -1
1024 1022 -1
1022 1023 -1
1023 1023 2
1024 1023 -1
1022 1024 -1
1024 1024 2
1023 1024 -1
1025 1025 2
1026 1025 -1
1027 1025 -1
1025 1026 -1
1026 1026 2
1027 1026 -1
1025 1027 -1
1027 1027 2
1026 1027 -1
1028 1028 3
1029 1028 -1
1030 1028 -1
1031 1028 -1
1028 1029 -1
1029 1029 3
1030 1029 -1
1031 1029 -1
1028 1030 -1
1030 1030 3
1029 1030 -1
1031 1030 -1
1028 1031 -1
1031 1031 3
1029 1031 -1
1030 1031 -1
1032 1032 2
1033 1032 -1
1034 1032 -1
1032 1033 -1
1033 1033 2
1034 1033 -1
1032 1034 -1
1034 1034 2
1033 1034 -1
1035 1035 6
1036 1035 -1
1037 1035 -1
1038 1035 -1
1039 1035 -1
1040 1035 -1
1041 1035 -1
1035 1036 -1
1036 1036 7
1037 1036 -1
1038 1036 -1
1039 1036 -1
1040 1036 -1
1041 1036 -1
1042 1036 -1
1035 1037 -1
1037 1037 7
1036 1037 -1
1038 1037 -1
1039 1037 -1
1040 1037 -1
1041 1037 -1
1042 1037 -1
1035 1038 -1
1038 1038 5
1036 1038 -1
1037 1038 -1
1039 1038 -1
1042 1038 -1
1035 1039 -1
1039 1039 5
1036 1039 -1
1037 1039 -1
1038 1039 -1
1042 1039 -1
1035 1040 -1
1040 1040 4
1036 1040 -1
1037 1040 -1
1041 1040 -1
1035 1041 -1
1041 1041 4
1036 1041 -1
1037 1041 -1
1040 1041 -1
1036 1042 -1
1042 1042 4
1037 1042 -1
1038 1042 -1
1039 1042 -1
1043 1043 1
1044 1043 -1
1043 1044 -1
1044 1044 1
1045 1045 4
1046 1045 -1
1047 1045 -1
1048 1045 -1
1049 1045 -1
1045 1046 -1
1046 1046 4
1047 1046 -1
1048 1046 -1
1049 1046 -1
1045 1047 -1
1047 1047 3
1046 1047 -1
1048 1047 -1
1045 1048 -1
1048 1048 4
1046 1048 -1
1047 1048 -1
1049 1048 -1
1045 1049 -1
1049 1049 3
1046 1049 -1
1048 1049 -1
1050 1050 4
1051 1050 -1
1052 1050 -1
1053 1050 -1
1055 1050 -1
1050 1051 -1
1051 1051 5
1052 1051 -1
1053 1051 -1
1054 1051 -1
1055 1051 -1
1050 1052 -1
1052 1052 5
1051 1052 -1
1053 1052 -1
1054 1052 -1
1055 1052 -1
1050 1053 -1
1053 1053 4
1051 1053 -1
1052 1053 -1
1055 1053 -1
1051 1054 -1
1054 1054 3
1052 1054 -1
1055 1054 -1
1050 1055 -1
1055 1055 5
1051 1055 -1
1052 1055 -1
1053 1055 -1
1054 1055 -1
1056 1056 3
1057 1056 -1
1058 1056 -1
1059 1056 -1
1056 1057 -1
1057 1057 3
1058 1057 -1
1059 1057 -1
1056 1058 -1
1058 1058 2
1057 1058 -1
1056 1059 -1
1059 1059 2
1057 1059 -1
1060 1060 1
1061 1060 -1
1060 1061 -1
1061 1061 1
1062 1062 3
1063 1062 -1
1064 1062 -1
1065 1062 -1
1062 1063 -1
1063 1063 4
1064 1063 -1
1065 1063 -1
1066 1063 -1
1062 1064 -1
1064 1064 3
1063 1064 -1
1066 1064 -1
1062 1065 -1
1065 1065 3
1063 1065 -1
1066 1065 -1
1063 1066 -1
1066 1066 3
1064 1066 -1
1065 1066 -1
1067 1067 1
1068 1067 -1
1067 1068 -1
1068 1068 1
1069 1069 1
1070 1069 -1
1069 1070 -1
1070 1070 1
1071 1071 1
1072 1071 -1
1071 1072 -1
1072 1072 1
1073 1073 3
1076 1073 -1
1077 1073 -1
1079 1073 -1
1074 1074 4
1075 1074 -1
1076 1074 -1
1077 1074 -1
1079 1074 -1
1074 1075 -1
1075 1075 4
1076 1075 -1
1077 1075 -1
1078 1075 -1
1073 1076 -1
1076 1076 5
1074 1076 -1
1075 1076 -1
1077 1076 -1
1078 1076 -1
1073 1077 -1
1077 1077 5
1074 1077 -1
1075 1077 -1
1076 1077 -1
1079 1077 -1
1075 1078 -1
1078 1078 2
1076 1078 -1
1073 1079 -1
1079 1079 3
1074 1079 -1
1077 1079 -1
1080 1080 2
1081 1080 -1
1082 1080 -1
1080 1081 -1
1081 1081 2
1082 1081 -1
1080 1082 -1
1082 1082 2
1081 1082 -1
1083 1083 1
1084 1083 -1
1083 1084 -1
1084 1084 1
1085 1085 3
1086 1085 -1
1087 1085 -1
1091 1085 -1
1085 1086 -1
1086 1086 4
1087 1086 -1
1090 1086 -1
1091 1086 -1
1085 1087 -1
1087 1087 5
1086 1087 -1
1088 1087 -1
1089 1087 -1
1090 1087 -1
1087 1088 -1
1088 1088 4
1089 1088 -1
1090 1088 -1
1091 1088 -1
1087 1089 -1
1089 1089 4
1088 1089 -1
1090 1089 -1
1091 1089 -1
1086 1090 -1
1090 1090 5
1087 1090 -1
1088 1090 -1
1089 1090 -1
1091 1090 -1
1085 1091 -1
1091 1091 5
1086 1091 -1
1088 1091 -1
1089 1091 -1
1090 1091 -1
1092 1092 3
1093 1092 -1
1094 1092 -1
1095 1092 -1
1092 1093 -1
1093 1093 3
1094 1093 -1
1095 1093 -1
1092 1094 -1
1094 1094 3
1093 1094 -1
1095 1094 -1
1092 1095 -1
1095 1095 3
1093 1095 -1
1094 1095 -1
1096 1096 4
1097 1096 -1
1098 1096 -1
1099 1096 -1
1100 1096 -1
1096 1097 -1
1097 1097 4
1098 1097 -1
1099 1097 -1
1100 1097 -1
1096 1098 -1
1098 1098 4
1097 1098 -1
1099 1098 -1
1100 1098 -1
1096 1099 -1
1099 1099 4
1097 1099 -1
1098 1099 -1
1100 1099 -1
1096 1100 -1
1100 1100 4
1097 1100 -1
1098 1100 -1
1099 1100 -1
1101 1101 1
1102 1101 -1
1101 1102 -1
1102 1102 1
1103 1103 1
1104 1103 -1
1103 1104 -1
1104 1104 1
1105 1105 2
1106 1105 -1
1107 1105 -1
1105 1106 -1
1106 1106 2
1107 1106 -1
1105 1107 -1
1107 1107 2
1106 1107 -1
1108 1108 1
1109 1108 -1
1108 1109 -1
1109 1109 1
1110 1110 2
1111 1110 -1
1112 1110 -1
1110 1111 -1
1111 1111 2
1112 1111 -1
1110 1112 -1
1112 1112 2
1111 1112 -1
1113 1113 1
1114 1113 -1
1113 1114 -1
1114 1114 1
1115 1115 1
1116 1115 -1
1115 1116 -1
1116 1116 1
1117 1117 2
1118 1117 -1
1119 1117 -1
1117 1118 -1
1118 1118 2
1119 1118 -1
1117 1119 -1
1119 1119 2
1118 1119 -1
1120 1120 1
1121 1120 -1
1120 1121 -1
1121 1121 1
1122 1122 2
1123 1122 -1
1124 1122 -1
1122 1123 -1
1123 1123 2
1124 1123 -1
1122 1124 -1
1124 1124 2
1123 1124 -1
1125 1125 1
1126 1125 -1
1125 1126 -1
1126 1126 1
1127 1127 3
1128 1127 -1
1129 1127 -1
1130 1127 -1
1127 1128 -1
1128 1128 3
1129 1128 -1
1130 1128 -1
1127 1129 -1
1129 1129 3
1128 1129 -1
1130 1129 -1
1127 1130 -1
1130 1130 3
1128 1130 -1
1129 1130 -1
1131 1131 1
1132 1131 -1
1131 1132 -1
1132 1132 1
1133 1133 4
1134 1133 -1
1135 1133 -1
1136 1133 -1
1137 1133 -1
1133 1134 -1
1134 1134 4
1135 1134 -1
1136 1134 -1
1137 1134 -1
1133 1135 -1
1135 1135 4
1134 1135 -1
1136 1135 -1
1137 1135 -1
1133 1136 -1
1136 1136 4
1134 1136 -1
1135 1136 -1
1137 1136 -1
1133 1137 -1
1137 1137 4
1134 1137 -1
1135 1137 -1
1136 1137 -1
1139 1139 2
1140 1139 -1
1142 1139 -1
1139 1140 -1
1140 1140 2
1141 1140 -1
1140 1141 -1
1141 1141 1
1139 1142 -1
1142 1142 1
1143 1143 3
1144 1143 -1
1145 1143 -1
1146 1143 -1
1143 1144 -1
1144 1144 3
1145 1144 -1
1146 1144 -1
1143 1145 -1
1145 1145 3
1144 1145 -1
1146 1145 -1
1143 1146 -1
1146 1146 3
1144 1146 -1
1145 1146 -1
1147 1147 3
1148 1147 -1
1149 1147 -1
1150 1147 -1
1147 1148 -1
1148 1148 3
1149 1148 -1
1150 1148 -1
1147 1149 -1
1149 1149 3
1148 1149 -1
1150 1149 -1
1147 1150 -1
1150 1150 3
1148 1150 -1
1149 1150 -1
1151 1151 3
1152 1151 -1
1154 1151 -1
1155 1151 -1
1151 1152 -1
1152 1152 4
1153 1152 -1
1154 1152 -1
1155 1152 -1
1152 1153 -1
1153 1153 3
1154 1153 -1
1155 1153 -1
1151 1154 -1
1154 1154 4
1152 1154 -1
1153 1154 -1
1155 1154 -1
1151 1155 -1
1155 1155 4
1152 1155 -1
1153 1155 -1
1154 1155 -1
1156 1156 3
1157 1156 -1
1158 1156 -1
1159 1156 -1
1156 1157 -1
1157 1157 3
1158 1157 -1
1159 1157 -1
1156 1158 -1
1158 1158 3
1157 1158 -1
1159 1158 -1
1156 1159 -1
1159 1159 3
1157 1159 -1
1158 1159 -1
1160 1160 3
1161 1160 -1
1162 1160 -1
1163 1160 -1
1160 1161 -1
1161 1161 3
1162 1161 -1
1163 1161 -1
1160 1162 -1
1162 1162 3
1161 1162 -1
1163 1162 -1
1160 1163 -1
1163 1163 3
1161 1163 -1
1162 1163 -1
1164 1164 2
1165 1164 -1
1166 1164 -1
1164 1165 -1
1165 1165 2
1166 1165 -1
1164 1166 -1
1166 1166 2
1165 1166 -1
1167 1167 3
1168 1167 -1
1169 1167 -1
1170 1167 -1
1167 1168 -1
1168 1168 2
1169 1168 -1
1167 1169 -1
1169 1169 2
1168 1169 -1
1167 1170 -1
1170 1170 1
1171 1171 2
1172 1171 -1
1173 1171 -1
1171 1172 -1
1172 1172 2
1173 1172 -1
1171 1173 -1
1173 1173 2
1172 1173 -1
1174 1174 3
1175 1174 -1
1176 1174 -1
1177 1174 -1
1174 1175 -1
1175 1175 3
1176 1175 -1
1177 1175 -1
1174 1176 -1
1176 1176 3
1175 1176 -1
1177 1176 -1
1174 1177 -1
1177 1177 3
1175 1177 -1
1176 1177 -1
1178 1178 4
1180 1178 -1
1181 1178 -1
1182 1178 -1
1183 1178 -1
1179 1179 2
1180 1179 -1
1181 1179 -1
1178 1180 -1
1180 1180 4
1179 1180 -1
1181 1180 -1
1183 1180 -1
1178 1181 -1
1181 1181 5
1179 1181 -1
1180 1181 -1
1182 1181 -1
1183 1181 -1
1178 1182 -1
1182 1182 2
1181 1182 -1
1178 1183 -1
1183 1183 3
1180 1183 -1
1181 1183 -1
1184 1184 2
1185 1184 -1
1186 1184 -1
1184 1185 -1
1185 1185 2
1186 1185 -1
1184 1186 -1
1186 1186 2
1185 1186 -1
1187 1187 3
1188 1187 -1
1189 1187 -1
1190 1187 -1
1187 1188 -1
1188 1188 3
1189 1188 -1
1190 1188 -1
1187 1189 -1
1189 1189 3
1188 1189 -1
1190 1189 -1
1187 1190 -1
1190 1190 3
1188 1190 -1
1189 1190 -1
1191 1191 2
1192 1191 -1
1193 1191 -1
1191 1192 -1
1192 1192 2
1193 1192 -1
1191 1193 -1
1193 1193 2
1192 1193 -1
1194 1194 3
1196 1194 -1
1197 1194 -1
1198 1194 -1
1195 1195 3
1196 1195 -1
1197 1195 -1
1198 1195 -1
1194 1196 -1
1196 1196 4
1195 1196 -1
1197 1196 -1
1198 1196 -1
1194 1197 -1
1197 1197 4
1195 1197 -1
1196 1197 -1
1198 1197 -1
1194 1198 -1
1198 1198 4
1195 1198 -1
1196 1198 -1
1197 1198 -1
1199 1199 5
1200 1199 -1
1201 1199 -1
1202 1199 -1
1203 1199 -1
1204 1199 -1
1199 1200 -1
1200 1200 4
1201 1200 -1
1203 1200 -1
1204 1200 -1
1199 1201 -1
1201 1201 5
1200 1201 -1
1202 1201 -1
1203 1201 -1
1204 1201 -1
1199 1202 -1
1202 1202 4
1201 1202 -1
1203 1202 -1
1204 1202 -1
1199 1203 -1
1203 1203 5
1200 1203 -1
1201 1203 -1
1202 1203 -1
1204 1203 -1
1199 1204 -1
1204 1204 5
1200 1204 -1
1201 1204 -1
1202 1204 -1
1203 1204 -1
1205 1205 3
1206 1205 -1
1207 1205 -1
1208 1205 -1
1205 1206 -1
1206 1206 3
1207 1206 -1
1208 1206 -1
1205 1207 -1
1207 1207 3
1206 1207 -1
1208 1207 -1
1205 1208 -1
1208 1208 3
1206 1208 -1
1207 1208 -1
1209 1209 1
1210 1209 -1
1209 1210 -1
1210 1210 1
1211 1211 2
1212 1211 -1
1213 1211 -1
1211 1212 -1
1212 1212 2
1213 1212 -1
1211 1213 -1
1213 1213 2
1212 1213 -1
1214 1214 4
1215 1214 -1
1216 1214 -1
1217 1214 -1
1218 1214 -1
1214 1215 -1
1215 1215 4
1216 1215 -1
1217 1215 -1
1218 1215 -1
1214 1216 -1
1216 1216 4
1215 1216 -1
1217 1216 -1
1218 1216 -1
1214 1217 -1
1217 1217 4
1215 1217 -1
1216 1217 -1
1218 1217 -1
1214 1218 -1
1218 1218 4
1215 1218 -1
1216 1218 -1
1217 1218 -1
1219 1219 1
1220 1219 -1
1219 1220 -1
1220 1220 1
1221 1221 4
1222 1221 -1
1223 1221 -1
1225 1221 -1
1227 1221 -1
1221 1222 -1
1222 1222 5
1223 1222 -1
1224 1222 -1
1226 1222 -1
1227 1222 -1
1221 1223 -1
1223 1223 6
1222 1223 -1
1224 1223 -1
1225 1223 -1
1226 1223 -1
1227 1223 -1
1222 1224 -1
1224 1224 4
1223 1224 -1
1226 1224 -1
1227 1224 -1
1221 1225 -1
1225 1225 2
1223 1225 -1
1222 1226 -1
1226 1226 4
1223 1226 -1
1224 1226 -1
1227 1226 -1
1221 1227 -1
1227 1227 5
1222 1227 -1
1223 1227 -1
1224 1227 -1
1226 1227 -1
1228 1228 1
1229 1228 -1
1228 1229 -1
1229 1229 1
1230 1230 3
1231 1230 -1
1232 1230 -1
1233 1230 -1
1230 1231 -1
1231 1231 3
1232 1231 -1
1233 1231 -1
1230 1232 -1
1232 1232 3
1231 1232 -1
1233 1232 -1
1230 1233 -1
1233 1233 3
1231 1233 -1
1232 1233 -1
1234 1234 1
1235 1234 -1
1234 1235 -1
1235 1235 1
1236 1236 3
1237 1236 -1
1238 1236 -1
1239 1236 -1
1236 1237 -1
1237 1237 3
1238 1237 -1
1239 1237 -1
1236 1238 -1
1238 1238 3
1237 1238 -1
1239 1238 -1
1236 1239 -1
1239 1239 3
1237 1239 -1
1238 1239 -1
1240 1240 1
1241 1240 -1
1240 1241 -1
1241 1241 1
1242 1242 2
1243 1242 -1
1246 1242 -1
1242 1243 -1
1243 1243 4
1244 1243 -1
1245 1243 -1
1246 1243 -1
1243 1244 -1
1244 1244 3
1245 1244 -1
1246 1244 -1
1243 1245 -1
1245 1245 3
1244 1245 -1
1246 1245 -1
1242 1246 -1
1246 1246 4
1243 1246 -1
1244 1246 -1
1245 1246 -1
1247 1247 2
1248 1247 -1
1249 1247 -1
1247 1248 -1
1248 1248 2
1249 1248 -1
1247 1249 -1
1249 1249 2
1248 1249 -1
1250 1250 4
1251 1250 -1
1252 1250 -1
1253 1250 -1
1254 1250 -1
1250 1251 -1
1251 1251 3
1253 1251 -1
1254 1251 -1
1250 1252 -1
1252 1252 3
1253 1252 -1
1254 1252 -1
1250 1253 -1
1253 1253 3
1251 1253 -1
1252 1253 -1
1250 1254 -1
1254 1254 3
1251 1254 -1
1252 1254 -1
1255 1255 2
1256 1255 -1
1258 1255 -1
1255 1256 -1
1256 1256 3
1257 1256 -1
1258 1256 -1
1256 1257 -1
1257 1257 2
1258 1257 -1
1255 1258 -1
1258 1258 3
1256 1258 -1
1257 1258 -1
1259 1259 2
1260 1259 -1
1261 1259 -1
1259 1260 -1
1260 1260 2
1261 1260 -1
1259 1261 -1
1261 1261 2
1260 1261 -1
1262 1262 5
1263 1262 -1
1264 1262 -1
1265 1262 -1
1266 1262 -1
1267 1262 -1
1262 1263 -1
1263 1263 4
1264 1263 -1
1265 1263 -1
1266 1263 -1
1262 1264 -1
1264 1264 4
1263 1264 -1
1265 1264 -1
1267 1264 -1
1262 1265 -1
1265 1265 5
1263 1265 -1
1264 1265 -1
1266 1265 -1
1267 1265 -1
1262 1266 -1
1266 1266 4
1263 1266 -1
1265 1266 -1
1267 1266 -1
1262 1267 -1
1267 1267 4
1264 1267 -1
1265 1267 -1
1266 1267 -1
1268 1268 2
1269 1268 -1
1270 1268 -1
1268 1269 -1
1269 1269 2
1270 1269 -1
1268 1270 -1
1270 1270 2
1269 1270 -1
1271 1271 2
1272 1271 -1
1273 1271 -1
1271 1272 -1
1272 1272 2
1273 1272 -1
1271 1273 -1
1273 1273 2
1272 1273 -1
1274 1274 2
1275 1274 -1
1276 1274 -1
1274 1275 -1
1275 1275 2
1276 1275 -1
1274 1276 -1
1276 1276 2
1275 1276 -1
1277 1277 1
1278 1277 -1
1277 1278 -1
1278 1278 1
1279 1279 1
1280 1279 -1
1279 1280 -1
1280 1280 1
1281 1281 4
1282 1281 -1
1283 1281 -1
1284 1281 -1
1285 1281 -1
1281 1282 -1
1282 1282 4
1283 1282 -1
1284 1282 -1
1285 1282 -1
1281 1283 -1
1283 1283 3
1282 1283 -1
1284 1283 -1
1281 1284 -1
1284 1284 3
1282 1284 -1
1283 1284 -1
1281 1285 -1
1285 1285 2
1282 1285 -1
1286 1286 4
1287 1286 -1
1288 1286 -1
1290 1286 -1
1291 1286 -1
1286 1287 -1
1287 1287 5
1288 1287 -1
1290 1287 -1
1291 1287 -1
1292 1287 -1
1286 1288 -1
1288 1288 6
1287 1288 -1
1289 1288 -1
1290 1288 -1
1291 1288 -1
1292 1288 -1
1288 1289 -1
1289 1289 1
1286 1290 -1
1290 1290 4
1287 1290 -1
1288 1290 -1
1291 1290 -1
1286 1291 -1
1291 1291 5
1287 1291 -1
1288 1291 -1
1290 1291 -1
1292 1291 -1
1287 1292 -1
1292 1292 3
1288 1292 -1
1291 1292 -1
1293 1293 3
1294 1293 -1
1295 1293 -1
1296 1293 -1
1293 1294 -1
1294 1294 4
1295 1294 -1
1296 1294 -1
1297 1294 -1
1293 1295 -1
1295 1295 3
1294 1295 -1
1296 1295 -1
1293 1296 -1
1296 1296 4
1294 1296 -1
1295 1296 -1
1297 1296 -1
1294 1297 -1
1297 1297 2
1296 1297 -1
1298 1298 2
1299 1298 -1
1300 1298 -1
1298 1299 -1
1299 1299 2
1300 1299 -1
1298 1300 -1
1300 1300 2
1299 1300 -1
1301 1301 4
1302 1301 -1
1303 1301 -1
1305 1301 -1
1306 1301 -1
1301 1302 -1
1302 1302 4
1303 1302 -1
1304 1302 -1
1305 1302 -1
1301 1303 -1
1303 1303 4
1302 1303 -1
1305 1303 -1
1306 1303 -1
1302 1304 -1
1304 1304 1
1301 1305 -1
1305 1305 4
1302 1305 -1
1303 1305 -1
1306 1305 -1
1301 1306 -1
1306 1306 3
1303 1306 -1
1305 1306 -1
1307 1307 2
1308 1307 -1
1309 1307 -1
1307 1308 -1
1308 1308 2
1309 1308 -1
1307 1309 -1
1309 1309 2
1308 1309 -1
1310 1310 2
1311 1310 -1
1312 1310 -1
1310 1311 -1
1311 1311 2
1312 1311 -1
1310 1312 -1
1312 1312 2
1311 1312 -1
1313 1313 4
1314 1313 -1
1315 1313 -1
1316 1313 -1
1317 1313 -1
1313 1314 -1
1314 1314 4
1315 1314 -1
1316 1314 -1
1317 1314 -1
1313 1315 -1
1315 1315 4
1314 1315 -1
1316 1315 -1
1317 1315 -1
1313 1316 -1
1316 1316 3
1314 1316 -1
1315 1316 -1
1313 1317 -1
1317 1317 3
1314 1317 -1
1315 1317 -1
1318 1318 2
1319 1318 -1
1320 1318 -1
1318 1319 -1
1319 1319 2
1320 1319 -1
1318 1320 -1
1320 1320 2
1319 1320 -1
1321 1321 1
1322 1321 -1
1321 1322 -1
1322 1322 1
1323 1323 3
1324 1323 -1
1325 1323 -1
1327 1323 -1
1323 1324 -1
1324 1324 4
1325 1324 -1
1326 1324 -1
1327 1324 -1
1323 1325 -1
1325 1325 4
1324 1325 -1
1326 1325 -1
1327 1325 -1
1324 1326 -1
1326 1326 2
1325 1326 -1
1323 1327 -1
1327 1327 3
1324 1327 -1
1325 1327 -1
1328 1328 5
1329 1328 -1
1330 1328 -1
1332 1328 -1
1333 1328 -1
1334 1328 -1
1328 1329 -1
1329 1329 5
1330 1329 -1
1331 1329 -1
1332 1329 -1
1334 1329 -1
1328 1330 -1
1330 1330 4
1329 1330 -1
1332 1330 -1
1334 1330 -1
1329 1331 -1
1331 1331 1
1328 1332 -1
1332 1332 4
1329 1332 -1
1330 1332 -1
1334 1332 -1
1328 1333 -1
1333 1333 1
1328 1334 -1
1334 1334 4
1329 1334 -1
1330 1334 -1
1332 1334 -1
1335 1335 3
1336 1335 -1
1337 1335 -1
1338 1335 -1
1335 1336 -1
1336 1336 2
1338 1336 -1
1335 1337 -1
1337 1337 2
1338 1337 -1
1335 1338 -1
1338 1338 3
1336 1338 -1
1337 1338 -1
1339 1339 3
1340 1339 -1
1341 1339 -1
1342 1339 -1
1339 1340 -1
1340 1340 2
1341 1340 -1
1339 1341 -1
1341 1341 3
1340 1341 -1
1342 1341 -1
1339 1342 -1
1342 1342 2
1341 1342 -1
1343 1343 2
1344 1343 -1
1345 1343 -1
1343 1344 -1
1344 1344 2
1345 1344 -1
1343 1345 -1
1345 1345 2
1344 1345 -1
1347 1347 1
1348 1347 -1
1347 1348 -1
1348 1348 1
1349 1349 4
1350 1349 -1
1351 1349 -1
1352 1349 -1
1353 1349 -1
1349 1350 -1
1350 1350 3
1351 1350 -1
1352 1350 -1
1349 1351 -1
1351 1351 4
1350 1351 -1
1352 1351 -1
1353 1351 -1
1349 1352 -1
1352 1352 4
1350 1352 -1
1351 1352 -1
1353 1352 -1
1349 1353 -1
1353 1353 3
1351 1353 -1
1352 1353 -1
1354 1354 4
1355 1354 -1
1356 1354 -1
1358 1354 -1
1359 1354 -1
1354 1355 -1
1355 1355 4
1356 1355 -1
1357 1355 -1
1358 1355 -1
1354 1356 -1
1356 1356 4
1355 1356 -1
1358 1356 -1
1359 1356 -1
1355 1357 -1
1357 1357 2
1358 1357 -1
1354 1358 -1
1358 1358 5
1355 1358 -1
1356 1358 -1
1357 1358 -1
1359 1358 -1
1354 1359 -1
1359 1359 3
1356 1359 -1
1358 1359 -1
1360 1360 3
1361 1360 -1
1362 1360 -1
1363 1360 -1
1360 1361 -1
1361 1361 3
1362 1361 -1
1363 1361 -1
1360 1362 -1
1362 1362 3
1361 1362 -1
1363 1362 -1
1360 1363 -1
1363 1363 3
1361 1363 -1
1362 1363 -1
1364 1364 2
1365 1364 -1
1366 1364 -1
1364 1365 -1
1365 1365 2
1366 1365 -1
1364 1366 -1
1366 1366 2
1365 1366 -1
1367 1367 5
1368 1367 -1
1369 1367 -1
1370 1367 -1
1371 1367 -1
1372 1367 -1
1367 1368 -1
1368 1368 4
1370 1368 -1
1371 1368 -1
1372 1368 -1
1367 1369 -1
1369 1369 2
1370 1369 -1
1367 1370 -1
1370 1370 4
1368 1370 -1
1369 1370 -1
1372 1370 -1
1367 1371 -1
1371 1371 3
1368 1371 -1
1372 1371 -1
1367 1372 -1
1372 1372 4
1368 1372 -1
1370 1372 -1
1371 1372 -1
1373 1373 2
1374 1373 -1
1375 1373 -1
1373 1374 -1
1374 1374 2
1375 1374 -1
1373 1375 -1
1375 1375 2
1374 1375 -1
1376 1376 4
1377 1376 -1
1378 1376 -1
1379 1376 -1
1380 1376 -1
1376 1377 -1
1377 1377 3
1379 1377 -1
1380 1377 -1
1376 1378 -1
1378 1378 3
1379 1378 -1
1380 1378 -1
1376 1379 -1
1379 1379 3
1377 1379 -1
1378 1379 -1
1376 1380 -1
1380 1380 3
1377 1380 -1
1378 1380 -1
1381 1381 4
1382 1381 -1
1383 1381 -1
1384 1381 -1
1385 1381 -1
1381 1382 -1
1382 1382 5
1383 1382 -1
1384 1382 -1
1385 1382 -1
1386 1382 -1
1381 1383 -1
1383 1383 4
1382 1383 -1
1384 1383 -1
1385 1383 -1
1381 1384 -1
1384 1384 3
1382 1384 -1
1383 1384 -1
1381 1385 -1
1385 1385 4
1382 1385 -1
1383 1385 -1
1386 1385 -1
1382 1386 -1
1386 1386 2
1385 1386 -1
1387 1387 3
1388 1387 -1
1389 1387 -1
1390 1387 -1
1387 1388 -1
1388 1388 3
1389 1388 -1
1390 1388 -1
1387 1389 -1
1389 1389 3
1388 1389 -1
1390 1389 -1
1387 1390 -1
1390 1390 3
1388 1390 -1
1389 1390 -1
1391 1391 2
1392 1391 -1
1393 1391 -1
1391 1392 -1
1392 1392 2
1393 1392 -1
1391 1393 -1
1393 1393 2
1392 1393 -1
1394 1394 3
1396 1394 -1
1397 1394 -1
1398 1394 -1
1395 1395 3
1396 1395 -1
1397 1395 -1
1398 1395 -1
1394 1396 -1
1396 1396 4
1395 1396 -1
1397 1396 -1
1398 1396 -1
1394 1397 -1
1397 1397 3
1395 1397 -1
1396 1397 -1
1394 1398 -1
1398 1398 3
1395 1398 -1
1396 1398 -1
1399 1399 6
1400 1399 -1
1401 1399 -1
1402 1399 -1
1403 1399 -1
1404 1399 -1
1405 1399 -1
1399 1400 -1
1400 1400 6
1401 1400 -1
1402 1400 -1
1403 1400 -1
1404 1400 -1
1405 1400 -1
1399 1401 -1
1401 1401 4
1400 1401 -1
1402 1401 -1
1404 1401 -1
1399 1402 -1
1402 1402 4
1400 1402 -1
1401 1402 -1
1405 1402 -1
1399 1403 -1
1403 1403 4
1400 1403 -1
1404 1403 -1
1405 1403 -1
1399 1404 -1
1404 1404 5
1400 1404 -1
1401 1404 -1
1403 1404 -1
1405 1404 -1
1399 1405 -1
1405 1405 5
1400 1405 -1
1402 1405 -1
1403 1405 -1
1404 1405 -1
1406 1406 2
1408 1406 -1
1409 1406 -1
1407 1407 1
1408 1407 -1
1406 1408 -1
1408 1408 4
1407 1408 -1
1409 1408 -1
1410 1408 -1
1406 1409 -1
1409 1409 3
1408 1409 -1
1410 1409 -1
1408 1410 -1
1410 1410 2
1409 1410 -1
1411 1411 2
1412 1411 -1
1414 1411 -1
1411 1412 -1
1412 1412 3
1413 1412 -1
1414 1412 -1
1412 1413 -1
1413 1413 2
1414 1413 -1
1411 1414 -1
1414 1414 3
1412 1414 -1
1413 1414 -1
1415 1415 2
1416 1415 -1
1417 1415 -1
1415 1416 -1
1416 1416 2
1417 1416 -1
1415 1417 -1
1417 1417 2
1416 1417 -1
1418 1418 3
1419 1418 -1
1420 1418 -1
1422 1418 -1
1418 1419 -1
1419 1419 4
1420 1419 -1
1421 1419 -1
1422 1419 -1
1418 1420 -1
1420 1420 4
1419 1420 -1
1421 1420 -1
1422 1420 -1
1419 1421 -1
1421 1421 2
1420 1421 -1
1418 1422 -1
1422 1422 3
1419 1422 -1
1420 1422 -1
1423 1423 2
1424 1423 -1
1425 1423 -1
1423 1424 -1
1424 1424 2
1425 1424 -1
1423 1425 -1
1425 1425 2
1424 1425 -1
1426 1426 3
1427 1426 -1
1428 1426 -1
1429 1426 -1
1426 1427 -1
1427 1427 2
1428 1427 -1
1426 1428 -1
1428 1428 3
1427 1428 -1
1429 1428 -1
1426 1429 -1
1429 1429 2
1428 1429 -1
1430 1430 2
1431 1430 -1
1432 1430 -1
1430 1431 -1
1431 1431 2
1432 1431 -1
1430 1432 -1
1432 1432 2
1431 1432 -1
1433 1433 5
1434 1433 -1
1435 1433 -1
1436 1433 -1
1437 1433 -1
1438 1433 -1
1433 1434 -1
1434 1434 5
1435 1434 -1
1436 1434 -1
1437 1434 -1
1438 1434 -1
1433 1435 -1
1435 1435 4
1434 1435 -1
1437 1435 -1
1438 1435 -1
1433 1436 -1
1436 1436 4
1434 1436 -1
1437 1436 -1
1438 1436 -1
1433 1437 -1
1437 1437 5
1434 1437 -1
1435 1437 -1
1436 1437 -1
1438 1437 -1
1433 1438 -1
1438 1438 5
1434 1438 -1
1435 1438 -1
1436 1438 -1
1437 1438 -1
1439 1439 3
1440 1439 -1
1441 1439 -1
1442 1439 -1
1439 1440 -1
1440 1440 2
1442 1440 -1
1439 1441 -1
1441 1441 2
1442 1441 -1
1439 1442 -1
1442 1442 3
1440 1442 -1
1441 1442 -1
1444 1444 3
1445 1444 -1
1446 1444 -1
1447 1444 -1
1444 1445 -1
1445 1445 3
1446 1445 -1
1447 1445 -1
1444 1446 -1
1446 1446 3
1445 1446 -1
1447 1446 -1
1444 1447 -1
1447 1447 3
1445 1447 -1
1446 1447 -1
1448 1448 4
1449 1448 -1
1450 1448 -1
1451 1448 -1
1452 1448 -1
1448 1449 -1
1449 1449 4
1450 1449 -1
1451 1449 -1
1452 1449 -1
1448 1450 -1
1450 1450 4
1449 1450 -1
1451 1450 -1
1452 1450 -1
1448 1451 -1
1451 1451 4
1449 1451 -1
1450 1451 -1
1452 1451 -1
1448 1452 -1
1452 1452 4
1449 1452 -1
1450 1452 -1
1451 1452 -1
1453 1453 3
1454 1453 -1
1455 1453 -1
1456 1453 -1
1453 1454 -1
1454 1454 3
1455 1454 -1
1456 1454 -1
1453 1455 -1
1455 1455 2
1454 1455 -1
1453 1456 -1
1456 1456 2
1454 1456 -1
1458 1458 2
1459 1458 -1
1460 1458 -1
1458 1459 -1
1459 1459 1
1458 1460 -1
1460 1460 1
1461 1461 3
1462 1461 -1
1463 1461 -1
1465 1461 -1
1461 1462 -1
1462 1462 3
1464 1462 -1
1466 1462 -1
1461 1463 -1
1463 1463 3
1464 1463 -1
1465 1463 -1
1462 1464 -1
1464 1464 4
1463 1464 -1
1465 1464 -1
1466 1464 -1
1461 1465 -1
1465 1465 3
1463 1465 -1
1464 1465 -1
1462 1466 -1
1466 1466 2
1464 1466 -1
1467 1467 4
1468 1467 -1
1469 1467 -1
1470 1467 -1
1471 1467 -1
1467 1468 -1
1468 1468 3
1470 1468 -1
1471 1468 -1
1467 1469 -1
1469 1469 2
1471 1469 -1
1467 1470 -1
1470 1470 3
1468 1470 -1
1471 1470 -1
1467 1471 -1
1471 1471 4
1468 1471 -1
1469 1471 -1
1470 1471 -1
1472 1472 4
1473 1472 -1
1474 1472 -1
1475 1472 -1
1476 1472 -1
1472 1473 -1
1473 1473 5
1474 1473 -1
1475 1473 -1
1476 1473 -1
1477 1473 -1
1472 1474 -1
1474 1474 5
1473 1474 -1
1475 1474 -1
1476 1474 -1
1477 1474 -1
1472 1475 -1
1475 1475 3
1473 1475 -1
1474 1475 -1
1472 1476 -1
1476 1476 4
1473 1476 -1
1474 1476 -1
1477 1476 -1
1473 1477 -1
1477 1477 3
1474 1477 -1
1476 1477 -1
1478 1478 1
1479 1478 -1
1478 1479 -1
1479 1479 1
1480 1480 1
1481 1480 -1
1480 1481 -1
1481 1481 1
1482 1482 2
1483 1482 -1
1484 1482 -1
1482 1483 -1
1483 1483 2
1484 1483 -1
1482 1484 -1
1484 1484 2
1483 1484 -1
1485 1485 3
1486 1485 -1
1487 1485 -1
1488 1485 -1
1485 1486 -1
1486 1486 3
1487 1486 -1
1488 1486 -1
1485 1487 -1
1487 1487 3
1486 1487 -1
1488 1487 -1
1485 1488 -1
1488 1488 3
1486 1488 -1
1487 1488 -1
1489 1489 2
1490 1489 -1
1491 1489 -1
1489 1490 -1
1490 1490 2
1491 1490 -1
1489 1491 -1
1491 1491 2
1490 1491 -1
1492 1492 4
1493 1492 -1
1494 1492 -1
1495 1492 -1
1496 1492 -1
1492 1493 -1
1493 1493 4
1494 1493 -1
1495 1493 -1
1496 1493 -1
1492 1494 -1
1494 1494 4
1493 1494 -1
1495 1494 -1
1496 1494 -1
1492 1495 -1
1495 1495 3
1493 1495 -1
1494 1495 -1
1492 1496 -1
1496 1496 3
1493 1496 -1
1494 1496 -1
1497 1497 2
1498 1497 -1
1499 1497 -1
1497 1498 -1
1498 1498 2
1499 1498 -1
1497 1499 -1
1499 1499 2
1498 1499 -1
1500 1500 1
1501 1500 -1
1500 1501 -1
1501 1501 1
1502 1502 1
1503 1502 -1
1502 1503 -1
1503 1503 1
1504 1504 6
1507 1504 -1
1508 1504 -1
1509 1504 -1
1510 1504 -1
1511 1504 -1
1512 1504 -1
1505 1505 6
1506 1505 -1
1508 1505 -1
1509 1505 -1
1510 1505 -1
1513 1505 -1
1514 1505 -1
1505 1506 -1
1506 1506 5
1509 1506 -1
1512 1506 -1
1513 1506 -1
1514 1506 -1
1504 1507 -1
1507 1507 8
1508 1507 -1
1509 1507 -1
1510 1507 -1
1511 1507 -1
1512 1507 -1
1513 1507 -1
1514 1507 -1
1504 1508 -1
1508 1508 7
1505 1508 -1
1507 1508 -1
1509 1508 -1
1510 1508 -1
1512 1508 -1
1514 1508 -1
1504 1509 -1
1509 1509 8
1505 1509 -1
1506 1509 -1
1507 1509 -1
1508 1509 -1
1510 1509 -1
1511 1509 -1
1513 1509 -1
1504 1510 -1
1510 1510 6
1505 1510 -1
1507 1510 -1
1508 1510 -1
1509 1510 -1
1511 1510 -1
1504 1511 -1
1511 1511 5
1507 1511 -1
1509 1511 -1
1510 1511 -1
1512 1511 -1
1504 1512 -1
1512 1512 7
1506 1512 -1
1507 1512 -1
1508 1512 -1
1511 1512 -1
1513 1512 -1
1514 1512 -1
1505 1513 -1
1513 1513 6
1506 1513 -1
1507 1513 -1
1509 1513 -1
1512 1513 -1
1514 1513 -1
1505 1514 -1
1514 1514 6
1506 1514 -1
1507 1514 -1
1508 1514 -1
1512 1514 -1
1513 1514 -1
1515 1515 3
1516 1515 -1
1517 1515 -1
1518 1515 -1
1515 1516 -1
1516 1516 3
1517 1516 -1
1518 1516 -1
1515 1517 -1
1517 1517 3
1516 1517 -1
1518 1517 -1
1515 1518 -1
1518 1518 3
1516 1518 -1
1517 1518 -1
1519 1519 6
1520 1519 -1
1521 1519 -1
1523 1519 -1
1524 1519 -1
1525 1519 -1
1526 1519 -1
1519 1520 -1
1520 1520 6
1521 1520 -1
1522 1520 -1
1523 1520 -1
1524 1520 -1
1526 1520 -1
1519 1521 -1
1521 1521 5
1520 1521 -1
1522 1521 -1
1523 1521 -1
1525 1521 -1
1520 1522 -1
1522 1522 5
1521 1522 -1
1523 1522 -1
1525 1522 -1
1526 1522 -1
1519 1523 -1
1523 1523 5
1520 1523 -1
1521 1523 -1
1522 1523 -1
1525 1523 -1
1519 1524 -1
1524 1524 3
1520 1524 -1
1526 1524 -1
1519 1525 -1
1525 1525 4
1521 1525 -1
1522 1525 -1
1523 1525 -1
1519 1526 -1
1526 1526 4
1520 1526 -1
1522 1526 -1
1524 1526 -1
1527 1527 3
1529 1527 -1
1530 1527 -1
1531 1527 -1
1528 1528 2
1529 1528 -1
1530 1528 -1
1527 1529 -1
1529 1529 4
1528 1529 -1
1530 1529 -1
1531 1529 -1
1527 1530 -1
1530 1530 4
1528 1530 -1
1529 1530 -1
1531 1530 -1
1527 1531 -1
1531 1531 3
1529 1531 -1
1530 1531 -1
1532 1532 3
1533 1532 -1
1534 1532 -1
1535 1532 -1
1532 1533 -1
1533 1533 3
1534 1533 -1
1535 1533 -1
1532 1534 -1
1534 1534 3
1533 1534 -1
1535 1534 -1
1532 1535 -1
1535 1535 3
1533 1535 -1
1534 1535 -1
1536 1536 1
1537 1536 -1
1536 1537 -1
1537 1537 1
